quarter,time,score,side,action,ev_class,raw_text
רבע 4,02:10,72-73,away,77. דווייט וילסון אסיסט,odd quarter-4 key-ast sp-vertical-timeline-minute sp-vertical-timeline-minute-away away_event_minute,רבע 4 02:10 72-73 77. דווייט וילסון אסיסט
רבע 4,06:41,66-65,home,15. יונתן קלר אסיסט,even quarter-4 key-ast sp-vertical-timeline-minute sp-vertical-timeline-minute-home home_event_minute,15. יונתן קלר אסיסט רבע 4 06:41 66-65
רבע 4,09:20,61-60,away,9. עמית ראובן אסיסט,odd quarter-4 key-ast sp-vertical-timeline-minute sp-vertical-timeline-minute-away away_event_minute,רבע 4 09:20 61-60 9. עמית ראובן אסיסט
רבע 3,02:18,52-59,home,7. גל שטרנברג אסיסט,even quarter-3 key-ast sp-vertical-timeline-minute sp-vertical-timeline-minute-home home_event_minute,7. גל שטרנברג אסיסט רבע 3 02:18 52-59
רבע 3,04:15,42-53,home,16. אוהד דקל שחקן נכנס למשחק,odd quarter-3 key-sub-in sp-vertical-timeline-minute sp-vertical-timeline-minute-home home_event_minute,16. אוהד דקל שחקן נכנס למשחק רבע 3 04:15 42-53
רבע 3,04:15,42-53,home,5. קינדל היל שחקן יוצא מהמגרש,even quarter-3 key-sub-out sp-vertical-timeline-minute sp-vertical-timeline-minute-home home_event_minute,5. קינדל היל שחקן יוצא מהמגרש רבע 3 04:15 42-53
רבע 2,04:43,34-34,home,6. ים שפריר אסיסט,odd quarter-2 key-ast sp-vertical-timeline-minute sp-vertical-timeline-minute-home home_event_minute,6. ים שפריר אסיסט רבע 2 04:43 34-34
רבע 1,00:03,22-22,home,6. ים שפריר החטיא 3 נק׳ (jumpshot),even quarter-1 key-threepa sp-vertical-timeline-minute sp-vertical-timeline-minute-home home_event_minute,6. ים שפריר החטיא 3 נק׳ (jumpshot) רבע 1 00:03 22-22
רבע 1,01:35,16-20,away,21. נועם יעקובי אסיסט,odd quarter-1 key-ast sp-vertical-timeline-minute sp-vertical-timeline-minute-away away_event_minute,רבע 1 01:35 16-20 21. נועם יעקובי אסיסט
רבע 1,04:06,10-11,home,6. ים שפריר שחקן נכנס למשחק,even quarter-1 key-sub-in sp-vertical-timeline-minute sp-vertical-timeline-minute-home home_event_minute,6. ים שפריר שחקן נכנס למשחק רבע 1 04:06 10-11
רבע 1,04:06,10-11,home,1. איתם כהן שחקן יוצא מהמגרש,odd quarter-1 key-sub-out sp-vertical-timeline-minute sp-vertical-timeline-minute-home home_event_minute,1. איתם כהן שחקן יוצא מהמגרש רבע 1 04:06 10-11
רבע 1,08:36,2-2,home,33. עילי שאול אסיסט,even quarter-1 key-ast sp-vertical-timeline-minute sp-vertical-timeline-minute-home home_event_minute,33. עילי שאול אסיסט רבע 1 08:36 2-2
רבע 4,03:41,66-69,home,6. ים שפריר סחט עבירה,even quarter-4 key-pfa sp-vertical-timeline-minute sp-vertical-timeline-minute-home home_event_minute,6. ים שפריר סחט עבירה רבע 4 03:41 66-69
רבע 4,03:41,66-69,away,21. נועם יעקובי עבירה אישית (personal),odd quarter-4 key-pf sp-vertical-timeline-minute sp-vertical-timeline-minute-away away_event_minute,רבע 4 03:41 66-69 21. נועם יעקובי עבירה אישית (personal)
רבע 4,02:55,69-71,home,6. ים שפריר סחט עבירה,even quarter-4 key-pfa sp-vertical-timeline-minute sp-vertical-timeline-minute-home home_event_minute,6. ים שפריר סחט עבירה רבע 4 02:55 69-71
רבע 4,02:55,69-71,away,6. אמרי שביט עבירה אישית (personal),odd quarter-4 key-pf sp-vertical-timeline-minute sp-vertical-timeline-minute-away away_event_minute,רבע 4 02:55 69-71 6. אמרי שביט עבירה אישית (personal)
רבע 4,03:15,69-71,away,3. רוברט טרנר קליעה 3 נק׳ (jumpshot),even quarter-4 key-threepm sp-vertical-timeline-minute sp-vertical-timeline-minute-away away_event_minute,רבע 4 03:15 69-71 3. רוברט טרנר קליעה 3 נק׳ (jumpshot)
רבע 3,00:39,57-60,home,6. ים שפריר איבוד כדור,odd quarter-3 key-to sp-vertical-timeline-minute sp-vertical-timeline-minute-home home_event_minute,6. ים שפריר איבוד כדור רבע 3 00:39 57-60
רבע 3,00:39,57-60,home,6. ים שפריר חטיפה,even quarter-3 key-stl sp-vertical-timeline-minute sp-vertical-timeline-minute-home home_event_minute,6. ים שפריר חטיפה רבע 3 00:39 57-60
רבע 3,00:39,57-60,away,21. נועם יעקובי איבוד כדור,odd quarter-3 key-to sp-vertical-timeline-minute sp-vertical-timeline-minute-away away_event_minute,רבע 3 00:39 57-60 21. נועם יעקובי איבוד כדור
רבע 3,00:50,57-60,away,21. נועם יעקובי אסיסט,even quarter-3 key-ast sp-vertical-timeline-minute sp-vertical-timeline-minute-away away_event_minute,רבע 3 00:50 57-60 21. נועם יעקובי אסיסט
רבע 3,01:16,54-60,away,3. רוברט טרנר ריבאונד הגנה,odd quarter-3 key-def sp-vertical-timeline-minute sp-vertical-timeline-minute-away away_event_minute,רבע 3 01:16 54-60 3. רוברט טרנר ריבאונד הגנה
רבע 3,01:16,54-60,home,15. יונתן קלר החטיא 3 נק׳ (jumpshot),even quarter-3 key-threepa sp-vertical-timeline-minute sp-vertical-timeline-minute-home home_event_minute,15. יונתן קלר החטיא 3 נק׳ (jumpshot) רבע 3 01:16 54-60
רבע 3,01:16,54-60,home,6. ים שפריר ריבאונד הגנה,odd quarter-3 key-def sp-vertical-timeline-minute sp-vertical-timeline-minute-home home_event_minute,6. ים שפריר ריבאונד הגנה רבע 3 01:16 54-60
רבע 3,01:16,54-60,away,77. דווייט וילסון החטיא 2 נק׳ (layup),even quarter-3 key-fga sp-vertical-timeline-minute sp-vertical-timeline-minute-away away_event_minute,רבע 3 01:16 54-60 77. דווייט וילסון החטיא 2 נק׳ (layup)
רבע 4,00:01,80-83,away,9. עמית ראובן החטיא 3 נק׳ (jumpshot),even quarter-4 key-threepa sp-vertical-timeline-minute sp-vertical-timeline-minute-away away_event_minute,רבע 4 00:01 80-83 9. עמית ראובן החטיא 3 נק׳ (jumpshot)
רבע 4,00:04,80-83,away,9. עמית ראובן ריבאונד התקפה,even quarter-4 key-off sp-vertical-timeline-minute sp-vertical-timeline-minute-away away_event_minute,רבע 4 00:04 80-83 9. עמית ראובן ריבאונד התקפה
רבע 4,00:04,80-83,away,9. עמית ראובן זריקת עונשין (2of2),even quarter-4 key-fta sp-vertical-timeline-minute sp-vertical-timeline-minute-away away_event_minute,רבע 4 00:04 80-83 9. עמית ראובן זריקת עונשין (2of2)
רבע 4,00:04,80-83,away,9. עמית ראובן קליעת עונשין (1of2),odd quarter-4 key-ftm sp-vertical-timeline-minute sp-vertical-timeline-minute-away away_event_minute,רבע 4 00:04 80-83 9. עמית ראובן קליעת עונשין (1of2)
רבע 4,00:04,79-83,away,6. אמרי שביט שחקן נכנס למשחק,even quarter-4 key-sub-in sp-vertical-timeline-minute sp-vertical-timeline-minute-away away_event_minute,רבע 4 00:04 79-83 6. אמרי שביט שחקן נכנס למשחק
רבע 4,00:04,79-83,away,4. שחר שלמון שחקן יוצא מהמגרש,odd quarter-4 key-sub-out sp-vertical-timeline-minute sp-vertical-timeline-minute-away away_event_minute,רבע 4 00:04 79-83 4. שחר שלמון שחקן יוצא מהמגרש
רבע 4,00:04,79-83,away,9. עמית ראובן סחט עבירה,even quarter-4 key-pfa sp-vertical-timeline-minute sp-vertical-timeline-minute-away away_event_minute,רבע 4 00:04 79-83 9. עמית ראובן סחט עבירה
רבע 4,00:04,79-83,home,9. עמרי שלף עבירה אישית (personal),odd quarter-4 key-pf sp-vertical-timeline-minute sp-vertical-timeline-minute-home home_event_minute,9. עמרי שלף עבירה אישית (personal) רבע 4 00:04 79-83
רבע 4,00:07,79-83,home,5. קינדל היל קליעת עונשין (2of2),even quarter-4 key-ftm sp-vertical-timeline-minute sp-vertical-timeline-minute-home home_event_minute,5. קינדל היל קליעת עונשין (2of2) רבע 4 00:07 79-83
רבע 4,00:07,79-82,home,5. קינדל היל זריקת עונשין (1of2),odd quarter-4 key-fta sp-vertical-timeline-minute sp-vertical-timeline-minute-home home_event_minute,5. קינדל היל זריקת עונשין (1of2) רבע 4 00:07 79-82
רבע 4,00:07,79-82,away,32. בן גולד שחקן נכנס למשחק,even quarter-4 key-sub-in sp-vertical-timeline-minute sp-vertical-timeline-minute-away away_event_minute,רבע 4 00:07 79-82 32. בן גולד שחקן נכנס למשחק
רבע 4,00:07,79-82,away,6. אמרי שביט שחקן יוצא מהמגרש,odd quarter-4 key-sub-out sp-vertical-timeline-minute sp-vertical-timeline-minute-away away_event_minute,רבע 4 00:07 79-82 6. אמרי שביט שחקן יוצא מהמגרש
רבע 4,00:07,79-82,away,77. דווייט וילסון שחקן נכנס למשחק,even quarter-4 key-sub-in sp-vertical-timeline-minute sp-vertical-timeline-minute-away away_event_minute,רבע 4 00:07 79-82 77. דווייט וילסון שחקן נכנס למשחק
רבע 4,00:07,79-82,away,11. בר שינבוים שחקן יוצא מהמגרש,odd quarter-4 key-sub-out sp-vertical-timeline-minute sp-vertical-timeline-minute-away away_event_minute,רבע 4 00:07 79-82 11. בר שינבוים שחקן יוצא מהמגרש
רבע 4,00:07,79-82,home,5. קינדל היל סחט עבירה,even quarter-4 key-pfa sp-vertical-timeline-minute sp-vertical-timeline-minute-home home_event_minute,5. קינדל היל סחט עבירה רבע 4 00:07 79-82
רבע 4,00:07,79-82,away,3. רוברט טרנר עבירה אישית (personal),odd quarter-4 key-pf sp-vertical-timeline-minute sp-vertical-timeline-minute-away away_event_minute,רבע 4 00:07 79-82 3. רוברט טרנר עבירה אישית (personal)
רבע 4,00:10,79-82,away,4. שחר שלמון שחקן נכנס למשחק,even quarter-4 key-sub-in sp-vertical-timeline-minute sp-vertical-timeline-minute-away away_event_minute,רבע 4 00:10 79-82 4. שחר שלמון שחקן נכנס למשחק
רבע 4,00:10,79-82,away,77. דווייט וילסון שחקן יוצא מהמגרש,odd quarter-4 key-sub-out sp-vertical-timeline-minute sp-vertical-timeline-minute-away away_event_minute,רבע 4 00:10 79-82 77. דווייט וילסון שחקן יוצא מהמגרש
רבע 4,00:10,79-82,home,מ.כ עוטף דרום פסק זמן,even quarter-4 key-tmo sp-vertical-timeline-minute sp-vertical-timeline-minute-home home_event_minute,מ.כ עוטף דרום פסק זמן רבע 4 00:10 79-82
רבע 4,00:10,79-82,away,77. דווייט וילסון קליעה 2 נק׳ (tipindunk),odd quarter-4 key-fgm sp-vertical-timeline-minute sp-vertical-timeline-minute-away away_event_minute,רבע 4 00:10 79-82 77. דווייט וילסון קליעה 2 נק׳ (tipindunk)
רבע 4,00:10,77-82,away,77. דווייט וילסון ריבאונד התקפה,even quarter-4 key-off sp-vertical-timeline-minute sp-vertical-timeline-minute-away away_event_minute,רבע 4 00:10 77-82 77. דווייט וילסון ריבאונד התקפה
רבע 4,00:11,77-82,away,6. אמרי שביט החטיא 2 נק׳ (layup),odd quarter-4 key-fga sp-vertical-timeline-minute sp-vertical-timeline-minute-away away_event_minute,רבע 4 00:11 77-82 6. אמרי שביט החטיא 2 נק׳ (layup)
רבע 4,00:13,77-82,away,מכבי אשדוד ריבאונד הגנה,odd quarter-4 key-def sp-vertical-timeline-minute sp-vertical-timeline-minute-away away_event_minute,רבע 4 00:13 77-82 מכבי אשדוד ריבאונד הגנה
רבע 4,00:15,77-82,away,11. בר שינבוים חסימה של,odd quarter-4 key-blk sp-vertical-timeline-minute sp-vertical-timeline-minute-away away_event_minute,רבע 4 00:15 77-82 11. בר שינבוים חסימה של
רבע 4,00:15,77-82,home,9. עמרי שלף החטיא 2 נק׳ (layup),even quarter-4 key-fga sp-vertical-timeline-minute sp-vertical-timeline-minute-home home_event_minute,9. עמרי שלף החטיא 2 נק׳ (layup) רבע 4 00:15 77-82
רבע 4,00:20,77-82,home,6. ים שפריר ריבאונד הגנה,even quarter-4 key-def sp-vertical-timeline-minute sp-vertical-timeline-minute-home home_event_minute,6. ים שפריר ריבאונד הגנה רבע 4 00:20 77-82
רבע 4,00:24,77-82,away,3. רוברט טרנר החטיא 3 נק׳ (jumpshot),odd quarter-4 key-threepa sp-vertical-timeline-minute sp-vertical-timeline-minute-away away_event_minute,רבע 4 00:24 77-82 3. רוברט טרנר החטיא 3 נק׳ (jumpshot)
רבע 4,00:28,77-82,away,מכבי אשדוד פסק זמן,odd quarter-4 key-tmo sp-vertical-timeline-minute sp-vertical-timeline-minute-away away_event_minute,רבע 4 00:28 77-82 מכבי אשדוד פסק זמן
רבע 4,00:28,77-82,home,9. עמרי שלף אסיסט,even quarter-4 key-ast sp-vertical-timeline-minute sp-vertical-timeline-minute-home home_event_minute,9. עמרי שלף אסיסט רבע 4 00:28 77-82
רבע 4,00:28,77-82,home,7. גל שטרנברג קליעה 2 נק׳ (layup),odd quarter-4 key-fgm sp-vertical-timeline-minute sp-vertical-timeline-minute-home home_event_minute,7. גל שטרנברג קליעה 2 נק׳ (layup) רבע 4 00:28 77-82
רבע 4,00:37,77-80,away,77. דווייט וילסון קליעה 2 נק׳ (layup),odd quarter-4 key-fgm sp-vertical-timeline-minute sp-vertical-timeline-minute-away away_event_minute,רבע 4 00:37 77-80 77. דווייט וילסון קליעה 2 נק׳ (layup)
רבע 4,00:38,75-80,away,77. דווייט וילסון ריבאונד התקפה,even quarter-4 key-off sp-vertical-timeline-minute sp-vertical-timeline-minute-away away_event_minute,רבע 4 00:38 75-80 77. דווייט וילסון ריבאונד התקפה
רבע 4,00:43,75-80,away,3. רוברט טרנר החטיא 2 נק׳ (layup),odd quarter-4 key-fga sp-vertical-timeline-minute sp-vertical-timeline-minute-away away_event_minute,רבע 4 00:43 75-80 3. רוברט טרנר החטיא 2 נק׳ (layup)
רבע 4,00:49,75-80,home,5. קינדל היל קליעה 2 נק׳ (layup),even quarter-4 key-fgm sp-vertical-timeline-minute sp-vertical-timeline-minute-home home_event_minute,5. קינדל היל קליעה 2 נק׳ (layup) רבע 4 00:49 75-80
רבע 4,00:51,75-78,home,5. קינדל היל ריבאונד התקפה,odd quarter-4 key-off sp-vertical-timeline-minute sp-vertical-timeline-minute-home home_event_minute,5. קינדל היל ריבאונד התקפה רבע 4 00:51 75-78
רבע 4,00:56,75-78,home,6. ים שפריר החטיא 2 נק׳ (layup),even quarter-4 key-fga sp-vertical-timeline-minute sp-vertical-timeline-minute-home home_event_minute,6. ים שפריר החטיא 2 נק׳ (layup) רבע 4 00:56 75-78
רבע 4,01:15,75-78,away,11. בר שינבוים שחקן נכנס למשחק,even quarter-4 key-sub-in sp-vertical-timeline-minute sp-vertical-timeline-minute-away away_event_minute,רבע 4 01:15 75-78 11. בר שינבוים שחקן נכנס למשחק
רבע 4,01:15,75-78,away,32. בן גולד שחקן יוצא מהמגרש,odd quarter-4 key-sub-out sp-vertical-timeline-minute sp-vertical-timeline-minute-away away_event_minute,רבע 4 01:15 75-78 32. בן גולד שחקן יוצא מהמגרש
רבע 4,01:15,75-78,home,מ.כ עוטף דרום פסק זמן,even quarter-4 key-tmo sp-vertical-timeline-minute sp-vertical-timeline-minute-home home_event_minute,מ.כ עוטף דרום פסק זמן רבע 4 01:15 75-78
רבע 4,01:15,75-78,away,3. רוברט טרנר קליעת עונשין (1of1),odd quarter-4 key-ftm sp-vertical-timeline-minute sp-vertical-timeline-minute-away away_event_minute,רבע 4 01:15 75-78 3. רוברט טרנר קליעת עונשין (1of1)
רבע 4,01:15,74-78,home,33. עילי שאול שחקן נכנס למשחק,even quarter-4 key-sub-in sp-vertical-timeline-minute sp-vertical-timeline-minute-home home_event_minute,33. עילי שאול שחקן נכנס למשחק רבע 4 01:15 74-78
רבע 4,01:15,74-78,home,23. נבו זומרפלד שחקן יוצא מהמגרש,odd quarter-4 key-sub-out sp-vertical-timeline-minute sp-vertical-timeline-minute-home home_event_minute,23. נבו זומרפלד שחקן יוצא מהמגרש רבע 4 01:15 74-78
רבע 4,01:15,74-78,away,3. רוברט טרנר סחט עבירה,even quarter-4 key-pfa sp-vertical-timeline-minute sp-vertical-timeline-minute-away away_event_minute,רבע 4 01:15 74-78 3. רוברט טרנר סחט עבירה
רבע 4,01:15,74-78,home,6. ים שפריר עבירה אישית (personal),odd quarter-4 key-pf sp-vertical-timeline-minute sp-vertical-timeline-minute-home home_event_minute,6. ים שפריר עבירה אישית (personal) רבע 4 01:15 74-78
רבע 4,01:15,74-78,away,3. רוברט טרנר קליעה 2 נק׳ (layup),even quarter-4 key-fgm sp-vertical-timeline-minute sp-vertical-timeline-minute-away away_event_minute,רבע 4 01:15 74-78 3. רוברט טרנר קליעה 2 נק׳ (layup)
רבע 4,01:28,72-78,home,7. גל שטרנברג אסיסט,even quarter-4 key-ast sp-vertical-timeline-minute sp-vertical-timeline-minute-home home_event_minute,7. גל שטרנברג אסיסט רבע 4 01:28 72-78
רבע 4,01:28,72-78,home,6. ים שפריר קליעה 3 נק׳ (jumpshot),odd quarter-4 key-threepm sp-vertical-timeline-minute sp-vertical-timeline-minute-home home_event_minute,6. ים שפריר קליעה 3 נק׳ (jumpshot) רבע 4 01:28 72-78
רבע 4,01:43,72-75,home,9. עמרי שלף ריבאונד הגנה,even quarter-4 key-def sp-vertical-timeline-minute sp-vertical-timeline-minute-home home_event_minute,9. עמרי שלף ריבאונד הגנה רבע 4 01:43 72-75
רבע 4,01:46,72-75,away,3. רוברט טרנר החטיא 3 נק׳ (jumpshot),odd quarter-4 key-threepa sp-vertical-timeline-minute sp-vertical-timeline-minute-away away_event_minute,רבע 4 01:46 72-75 3. רוברט טרנר החטיא 3 נק׳ (jumpshot)
רבע 4,01:49,72-75,away,77. דווייט וילסון סחט עבירה,odd quarter-4 key-pfa sp-vertical-timeline-minute sp-vertical-timeline-minute-away away_event_minute,רבע 4 01:49 72-75 77. דווייט וילסון סחט עבירה
רבע 4,01:49,72-75,home,9. עמרי שלף עבירה אישית (personal),even quarter-4 key-pf sp-vertical-timeline-minute sp-vertical-timeline-minute-home home_event_minute,9. עמרי שלף עבירה אישית (personal) רבע 4 01:49 72-75
רבע 4,02:01,72-75,away,77. דווייט וילסון ריבאונד התקפה,odd quarter-4 key-off sp-vertical-timeline-minute sp-vertical-timeline-minute-away away_event_minute,רבע 4 02:01 72-75 77. דווייט וילסון ריבאונד התקפה
רבע 4,02:05,72-75,away,3. רוברט טרנר החטיא 3 נק׳ (jumpshot),odd quarter-4 key-threepa sp-vertical-timeline-minute sp-vertical-timeline-minute-away away_event_minute,רבע 4 02:05 72-75 3. רוברט טרנר החטיא 3 נק׳ (jumpshot)
רבע 4,02:50,69-71,home,23. נבו זומרפלד שחקן נכנס למשחק,even quarter-4 key-sub-in sp-vertical-timeline-minute sp-vertical-timeline-minute-home home_event_minute,23. נבו זומרפלד שחקן נכנס למשחק רבע 4 02:50 69-71
רבע 4,02:50,69-71,home,33. עילי שאול שחקן יוצא מהמגרש,odd quarter-4 key-sub-out sp-vertical-timeline-minute sp-vertical-timeline-minute-home home_event_minute,33. עילי שאול שחקן יוצא מהמגרש רבע 4 02:50 69-71
רבע 4,02:05,72-75,home,6. ים שפריר קליעת עונשין (2of2),even quarter-4 key-ftm sp-vertical-timeline-minute sp-vertical-timeline-minute-home home_event_minute,6. ים שפריר קליעת עונשין (2of2) רבע 4 02:05 72-75
רבע 4,02:05,72-74,home,6. ים שפריר קליעת עונשין (1of2),odd quarter-4 key-ftm sp-vertical-timeline-minute sp-vertical-timeline-minute-home home_event_minute,6. ים שפריר קליעת עונשין (1of2) רבע 4 02:05 72-74
רבע 4,02:05,72-73,home,6. ים שפריר סחט עבירה,even quarter-4 key-pfa sp-vertical-timeline-minute sp-vertical-timeline-minute-home home_event_minute,6. ים שפריר סחט עבירה רבע 4 02:05 72-73
רבע 4,02:05,72-73,away,3. רוברט טרנר עבירה אישית (personal),odd quarter-4 key-pf sp-vertical-timeline-minute sp-vertical-timeline-minute-away away_event_minute,רבע 4 02:05 72-73 3. רוברט טרנר עבירה אישית (personal)
רבע 4,02:10,72-73,away,3. רוברט טרנר קליעה 3 נק׳ (jumpshot),odd quarter-4 key-threepm sp-vertical-timeline-minute sp-vertical-timeline-minute-away away_event_minute,רבע 4 02:10 72-73 3. רוברט טרנר קליעה 3 נק׳ (jumpshot)
רבע 4,02:13,69-73,away,77. דווייט וילסון ריבאונד התקפה,even quarter-4 key-off sp-vertical-timeline-minute sp-vertical-timeline-minute-away away_event_minute,רבע 4 02:13 69-73 77. דווייט וילסון ריבאונד התקפה
רבע 4,02:17,69-73,away,32. בן גולד החטיא 3 נק׳ (jumpshot),odd quarter-4 key-threepa sp-vertical-timeline-minute sp-vertical-timeline-minute-away away_event_minute,רבע 4 02:17 69-73 32. בן גולד החטיא 3 נק׳ (jumpshot)
רבע 4,02:25,69-73,home,23. נבו זומרפלד אסיסט,even quarter-4 key-ast sp-vertical-timeline-minute sp-vertical-timeline-minute-home home_event_minute,23. נבו זומרפלד אסיסט רבע 4 02:25 69-73
רבע 4,02:25,69-73,home,5. קינדל היל קליעה 2 נק׳ (jumpshot),odd quarter-4 key-fgm sp-vertical-timeline-minute sp-vertical-timeline-minute-home home_event_minute,5. קינדל היל קליעה 2 נק׳ (jumpshot) רבע 4 02:25 69-73
רבע 4,02:55,69-71,home,6. ים שפריר ריבאונד התקפה,odd quarter-4 key-off sp-vertical-timeline-minute sp-vertical-timeline-minute-home home_event_minute,6. ים שפריר ריבאונד התקפה רבע 4 02:55 69-71
רבע 4,02:58,69-71,home,33. עילי שאול החטיא 2 נק׳ (pullupjumpshot),even quarter-4 key-fga sp-vertical-timeline-minute sp-vertical-timeline-minute-home home_event_minute,33. עילי שאול החטיא 2 נק׳ (pullupjumpshot) רבע 4 02:58 69-71
רבע 4,03:19,66-71,away,3. רוברט טרנר ריבאונד התקפה,even quarter-4 key-off sp-vertical-timeline-minute sp-vertical-timeline-minute-away away_event_minute,רבע 4 03:19 66-71 3. רוברט טרנר ריבאונד התקפה
רבע 4,03:19,66-71,away,77. דווייט וילסון החטיא 2 נק׳ (layup),odd quarter-4 key-fga sp-vertical-timeline-minute sp-vertical-timeline-minute-away away_event_minute,רבע 4 03:19 66-71 77. דווייט וילסון החטיא 2 נק׳ (layup)
רבע 4,03:41,66-69,away,77. דווייט וילסון שחקן נכנס למשחק,even quarter-4 key-sub-in sp-vertical-timeline-minute sp-vertical-timeline-minute-away away_event_minute,רבע 4 03:41 66-69 77. דווייט וילסון שחקן נכנס למשחק
רבע 4,03:41,66-69,away,21. נועם יעקובי שחקן יוצא מהמגרש,odd quarter-4 key-sub-out sp-vertical-timeline-minute sp-vertical-timeline-minute-away away_event_minute,רבע 4 03:41 66-69 21. נועם יעקובי שחקן יוצא מהמגרש
רבע 4,03:40,66-71,home,6. ים שפריר קליעת עונשין (2of2),even quarter-4 key-ftm sp-vertical-timeline-minute sp-vertical-timeline-minute-home home_event_minute,6. ים שפריר קליעת עונשין (2of2) רבע 4 03:40 66-71
רבע 4,03:40,66-70,home,6. ים שפריר קליעת עונשין (1of2),odd quarter-4 key-ftm sp-vertical-timeline-minute sp-vertical-timeline-minute-home home_event_minute,6. ים שפריר קליעת עונשין (1of2) רבע 4 03:40 66-70
רבע 4,05:37,66-69,away,3. רוברט טרנר סחט עבירה,even quarter-4 key-pfa sp-vertical-timeline-minute sp-vertical-timeline-minute-away away_event_minute,רבע 4 05:37 66-69 3. רוברט טרנר סחט עבירה
רבע 4,05:37,66-69,home,6. ים שפריר עבירה אישית (personal),odd quarter-4 key-pf sp-vertical-timeline-minute sp-vertical-timeline-minute-home home_event_minute,6. ים שפריר עבירה אישית (personal) רבע 4 05:37 66-69
רבע 4,03:40,66-69,home,6. ים שפריר ריבאונד התקפה,even quarter-4 key-off sp-vertical-timeline-minute sp-vertical-timeline-minute-home home_event_minute,6. ים שפריר ריבאונד התקפה רבע 4 03:40 66-69
רבע 4,03:42,66-69,home,7. גל שטרנברג החטיא 2 נק׳ (layup),even quarter-4 key-fga sp-vertical-timeline-minute sp-vertical-timeline-minute-home home_event_minute,7. גל שטרנברג החטיא 2 נק׳ (layup) רבע 4 03:42 66-69
רבע 4,03:51,66-69,home,33. עילי שאול חטיפה,odd quarter-4 key-stl sp-vertical-timeline-minute sp-vertical-timeline-minute-home home_event_minute,33. עילי שאול חטיפה רבע 4 03:51 66-69
רבע 4,03:51,66-69,away,21. נועם יעקובי איבוד כדור,even quarter-4 key-to sp-vertical-timeline-minute sp-vertical-timeline-minute-away away_event_minute,רבע 4 03:51 66-69 21. נועם יעקובי איבוד כדור
רבע 4,03:53,66-69,away,מכבי אשדוד ריבאונד התקפה,even quarter-4 key-off sp-vertical-timeline-minute sp-vertical-timeline-minute-away away_event_minute,רבע 4 03:53 66-69 מכבי אשדוד ריבאונד התקפה
רבע 4,03:54,66-69,away,3. רוברט טרנר החטיא 2 נק׳ (layup),even quarter-4 key-fga sp-vertical-timeline-minute sp-vertical-timeline-minute-away away_event_minute,רבע 4 03:54 66-69 3. רוברט טרנר החטיא 2 נק׳ (layup)
רבע 4,04:07,66-69,away,6. אמרי שביט ריבאונד הגנה,odd quarter-4 key-def sp-vertical-timeline-minute sp-vertical-timeline-minute-away away_event_minute,רבע 4 04:07 66-69 6. אמרי שביט ריבאונד הגנה
רבע 4,04:10,66-69,home,5. קינדל היל החטיא 2 נק׳ (layup),even quarter-4 key-fga sp-vertical-timeline-minute sp-vertical-timeline-minute-home home_event_minute,5. קינדל היל החטיא 2 נק׳ (layup) רבע 4 04:10 66-69
רבע 4,04:36,66-69,away,32. בן גולד שחקן נכנס למשחק,odd quarter-4 key-sub-in sp-vertical-timeline-minute sp-vertical-timeline-minute-away away_event_minute,רבע 4 04:36 66-69 32. בן גולד שחקן נכנס למשחק
רבע 4,04:36,66-69,away,77. דווייט וילסון שחקן יוצא מהמגרש,even quarter-4 key-sub-out sp-vertical-timeline-minute sp-vertical-timeline-minute-away away_event_minute,רבע 4 04:36 66-69 77. דווייט וילסון שחקן יוצא מהמגרש
רבע 4,04:37,66-69,home,5. קינדל היל סחט עבירה,odd quarter-4 key-pfa sp-vertical-timeline-minute sp-vertical-timeline-minute-home home_event_minute,5. קינדל היל סחט עבירה רבע 4 04:37 66-69
רבע 4,04:37,66-69,away,3. רוברט טרנר איבוד כדור,even quarter-4 key-to sp-vertical-timeline-minute sp-vertical-timeline-minute-away away_event_minute,רבע 4 04:37 66-69 3. רוברט טרנר איבוד כדור
רבע 4,04:37,66-69,away,3. רוברט טרנר עבירה אישית (offensive),odd quarter-4 key-pf sp-vertical-timeline-minute sp-vertical-timeline-minute-away away_event_minute,רבע 4 04:37 66-69 3. רוברט טרנר עבירה אישית (offensive)
רבע 4,04:54,66-69,away,77. דווייט וילסון ריבאונד הגנה,odd quarter-4 key-def sp-vertical-timeline-minute sp-vertical-timeline-minute-away away_event_minute,רבע 4 04:54 66-69 77. דווייט וילסון ריבאונד הגנה
רבע 4,04:58,66-69,home,7. גל שטרנברג החטיא 3 נק׳ (jumpshot),even quarter-4 key-threepa sp-vertical-timeline-minute sp-vertical-timeline-minute-home home_event_minute,7. גל שטרנברג החטיא 3 נק׳ (jumpshot) רבע 4 04:58 66-69
רבע 4,05:04,66-69,home,7. גל שטרנברג ריבאונד הגנה,odd quarter-4 key-def sp-vertical-timeline-minute sp-vertical-timeline-minute-home home_event_minute,7. גל שטרנברג ריבאונד הגנה רבע 4 05:04 66-69
רבע 4,05:08,66-69,away,9. עמית ראובן החטיא 2 נק׳ (layup),even quarter-4 key-fga sp-vertical-timeline-minute sp-vertical-timeline-minute-away away_event_minute,רבע 4 05:08 66-69 9. עמית ראובן החטיא 2 נק׳ (layup)
רבע 4,05:13,66-69,away,77. דווייט וילסון ריבאונד הגנה,odd quarter-4 key-def sp-vertical-timeline-minute sp-vertical-timeline-minute-away away_event_minute,רבע 4 05:13 66-69 77. דווייט וילסון ריבאונד הגנה
רבע 4,05:16,66-69,home,6. ים שפריר החטיא 3 נק׳ (jumpshot),even quarter-4 key-threepa sp-vertical-timeline-minute sp-vertical-timeline-minute-home home_event_minute,6. ים שפריר החטיא 3 נק׳ (jumpshot) רבע 4 05:16 66-69
רבע 4,05:25,66-69,home,6. ים שפריר ריבאונד הגנה,odd quarter-4 key-def sp-vertical-timeline-minute sp-vertical-timeline-minute-home home_event_minute,6. ים שפריר ריבאונד הגנה רבע 4 05:25 66-69
רבע 4,05:29,66-69,away,3. רוברט טרנר החטיא 3 נק׳ (jumpshot),even quarter-4 key-threepa sp-vertical-timeline-minute sp-vertical-timeline-minute-away away_event_minute,רבע 4 05:29 66-69 3. רוברט טרנר החטיא 3 נק׳ (jumpshot)
רבע 4,05:37,66-69,away,77. דווייט וילסון ריבאונד הגנה,even quarter-4 key-def sp-vertical-timeline-minute sp-vertical-timeline-minute-away away_event_minute,רבע 4 05:37 66-69 77. דווייט וילסון ריבאונד הגנה
רבע 4,05:37,66-69,home,5. קינדל היל החטיא 2 נק׳ (layup),odd quarter-4 key-fga sp-vertical-timeline-minute sp-vertical-timeline-minute-home home_event_minute,5. קינדל היל החטיא 2 נק׳ (layup) רבע 4 05:37 66-69
רבע 4,05:39,66-69,home,5. קינדל היל ריבאונד התקפה,odd quarter-4 key-off sp-vertical-timeline-minute sp-vertical-timeline-minute-home home_event_minute,5. קינדל היל ריבאונד התקפה רבע 4 05:39 66-69
רבע 4,05:44,66-69,home,33. עילי שאול החטיא 2 נק׳ (jumpshot),even quarter-4 key-fga sp-vertical-timeline-minute sp-vertical-timeline-minute-home home_event_minute,33. עילי שאול החטיא 2 נק׳ (jumpshot) רבע 4 05:44 66-69
רבע 4,06:05,66-69,home,33. עילי שאול ריבאונד הגנה,odd quarter-4 key-def sp-vertical-timeline-minute sp-vertical-timeline-minute-home home_event_minute,33. עילי שאול ריבאונד הגנה רבע 4 06:05 66-69
רבע 4,06:08,66-69,away,9. עמית ראובן החטיא 3 נק׳ (jumpshot),even quarter-4 key-threepa sp-vertical-timeline-minute sp-vertical-timeline-minute-away away_event_minute,רבע 4 06:08 66-69 9. עמית ראובן החטיא 3 נק׳ (jumpshot)
רבע 4,06:26,66-69,away,6. אמרי שביט שחקן נכנס למשחק,odd quarter-4 key-sub-in sp-vertical-timeline-minute sp-vertical-timeline-minute-away away_event_minute,רבע 4 06:26 66-69 6. אמרי שביט שחקן נכנס למשחק
רבע 4,06:26,66-69,away,32. בן גולד שחקן יוצא מהמגרש,even quarter-4 key-sub-out sp-vertical-timeline-minute sp-vertical-timeline-minute-away away_event_minute,רבע 4 06:26 66-69 32. בן גולד שחקן יוצא מהמגרש
רבע 4,06:26,66-69,away,מכבי אשדוד פסק זמן,even quarter-4 key-tmo sp-vertical-timeline-minute sp-vertical-timeline-minute-away away_event_minute,רבע 4 06:26 66-69 מכבי אשדוד פסק זמן
רבע 4,06:28,66-69,home,33. עילי שאול קליעה 3 נק׳ (jumpshot),even quarter-4 key-threepm sp-vertical-timeline-minute sp-vertical-timeline-minute-home home_event_minute,33. עילי שאול קליעה 3 נק׳ (jumpshot) רבע 4 06:28 66-69
רבע 4,06:41,66-66,home,9. עמרי שלף קליעת עונשין (2of2),even quarter-4 key-ftm sp-vertical-timeline-minute sp-vertical-timeline-minute-home home_event_minute,9. עמרי שלף קליעת עונשין (2of2) רבע 4 06:41 66-66
רבע 4,06:41,66-65,home,9. עמרי שלף קליעת עונשין (1of2),odd quarter-4 key-ftm sp-vertical-timeline-minute sp-vertical-timeline-minute-home home_event_minute,9. עמרי שלף קליעת עונשין (1of2) רבע 4 06:41 66-65
רבע 4,06:41,66-64,home,7. גל שטרנברג שחקן נכנס למשחק,even quarter-4 key-sub-in sp-vertical-timeline-minute sp-vertical-timeline-minute-home home_event_minute,7. גל שטרנברג שחקן נכנס למשחק רבע 4 06:41 66-64
רבע 4,06:41,66-64,home,15. יונתן קלר שחקן יוצא מהמגרש,odd quarter-4 key-sub-out sp-vertical-timeline-minute sp-vertical-timeline-minute-home home_event_minute,15. יונתן קלר שחקן יוצא מהמגרש רבע 4 06:41 66-64
רבע 4,06:41,66-64,home,9. עמרי שלף סחט עבירה,even quarter-4 key-pfa sp-vertical-timeline-minute sp-vertical-timeline-minute-home home_event_minute,9. עמרי שלף סחט עבירה רבע 4 06:41 66-64
רבע 4,06:41,66-64,away,32. בן גולד עבירה אישית (unsportsmanlike),odd quarter-4 key-pf sp-vertical-timeline-minute sp-vertical-timeline-minute-away away_event_minute,רבע 4 06:41 66-64 32. בן גולד עבירה אישית (unsportsmanlike)
רבע 4,06:49,66-64,away,77. דווייט וילסון קליעה 2 נק׳ (tipinlayup),odd quarter-4 key-fgm sp-vertical-timeline-minute sp-vertical-timeline-minute-away away_event_minute,רבע 4 06:49 66-64 77. דווייט וילסון קליעה 2 נק׳ (tipinlayup)
רבע 4,06:49,64-64,away,77. דווייט וילסון ריבאונד התקפה,even quarter-4 key-off sp-vertical-timeline-minute sp-vertical-timeline-minute-away away_event_minute,רבע 4 06:49 64-64 77. דווייט וילסון ריבאונד התקפה
רבע 4,06:56,64-64,away,9. עמית ראובן החטיא 2 נק׳ (layup),odd quarter-4 key-fga sp-vertical-timeline-minute sp-vertical-timeline-minute-away away_event_minute,רבע 4 06:56 64-64 9. עמית ראובן החטיא 2 נק׳ (layup)
רבע 4,07:13,64-64,away,9. עמית ראובן סחט עבירה,odd quarter-4 key-pfa sp-vertical-timeline-minute sp-vertical-timeline-minute-away away_event_minute,רבע 4 07:13 64-64 9. עמית ראובן סחט עבירה
רבע 4,07:13,64-64,home,9. עמרי שלף עבירה אישית (personal),even quarter-4 key-pf sp-vertical-timeline-minute sp-vertical-timeline-minute-home home_event_minute,9. עמרי שלף עבירה אישית (personal) רבע 4 07:13 64-64
רבע 4,07:13,64-64,away,32. בן גולד ריבאונד הגנה,odd quarter-4 key-def sp-vertical-timeline-minute sp-vertical-timeline-minute-away away_event_minute,רבע 4 07:13 64-64 32. בן גולד ריבאונד הגנה
רבע 4,07:17,64-64,home,6. ים שפריר החטיא 3 נק׳ (jumpshot),odd quarter-4 key-threepa sp-vertical-timeline-minute sp-vertical-timeline-minute-home home_event_minute,6. ים שפריר החטיא 3 נק׳ (jumpshot) רבע 4 07:17 64-64
רבע 4,07:36,64-64,away,9. עמית ראובן איבוד כדור,odd quarter-4 key-to sp-vertical-timeline-minute sp-vertical-timeline-minute-away away_event_minute,רבע 4 07:36 64-64 9. עמית ראובן איבוד כדור
רבע 4,07:44,64-64,home,9. עמרי שלף שחקן נכנס למשחק,even quarter-4 key-sub-in sp-vertical-timeline-minute sp-vertical-timeline-minute-home home_event_minute,9. עמרי שלף שחקן נכנס למשחק רבע 4 07:44 64-64
רבע 4,07:44,64-64,home,16. אוהד דקל שחקן יוצא מהמגרש,odd quarter-4 key-sub-out sp-vertical-timeline-minute sp-vertical-timeline-minute-home home_event_minute,16. אוהד דקל שחקן יוצא מהמגרש רבע 4 07:44 64-64
רבע 4,07:44,64-64,away,77. דווייט וילסון סחט עבירה,even quarter-4 key-pfa sp-vertical-timeline-minute sp-vertical-timeline-minute-away away_event_minute,רבע 4 07:44 64-64 77. דווייט וילסון סחט עבירה
רבע 4,07:44,64-64,home,15. יונתן קלר עבירה אישית (personal),odd quarter-4 key-pf sp-vertical-timeline-minute sp-vertical-timeline-minute-home home_event_minute,15. יונתן קלר עבירה אישית (personal) רבע 4 07:44 64-64
רבע 4,07:55,64-64,home,5. קינדל היל קליעה 2 נק׳ (tipinlayup),odd quarter-4 key-fgm sp-vertical-timeline-minute sp-vertical-timeline-minute-home home_event_minute,5. קינדל היל קליעה 2 נק׳ (tipinlayup) רבע 4 07:55 64-64
רבע 4,07:55,64-62,home,5. קינדל היל ריבאונד התקפה,even quarter-4 key-off sp-vertical-timeline-minute sp-vertical-timeline-minute-home home_event_minute,5. קינדל היל ריבאונד התקפה רבע 4 07:55 64-62
רבע 4,08:02,64-62,home,33. עילי שאול החטיא 3 נק׳ (jumpshot),odd quarter-4 key-threepa sp-vertical-timeline-minute sp-vertical-timeline-minute-home home_event_minute,33. עילי שאול החטיא 3 נק׳ (jumpshot) רבע 4 08:02 64-62
רבע 4,08:21,64-62,home,33. עילי שאול ריבאונד הגנה,even quarter-4 key-def sp-vertical-timeline-minute sp-vertical-timeline-minute-home home_event_minute,33. עילי שאול ריבאונד הגנה רבע 4 08:21 64-62
רבע 4,08:25,64-62,away,32. בן גולד החטיא 2 נק׳ (layup),odd quarter-4 key-fga sp-vertical-timeline-minute sp-vertical-timeline-minute-away away_event_minute,רבע 4 08:25 64-62 32. בן גולד החטיא 2 נק׳ (layup)
רבע 4,08:26,64-62,away,32. בן גולד ריבאונד התקפה,even quarter-4 key-off sp-vertical-timeline-minute sp-vertical-timeline-minute-away away_event_minute,רבע 4 08:26 64-62 32. בן גולד ריבאונד התקפה
רבע 4,08:29,64-62,away,3. רוברט טרנר החטיא 3 נק׳ (jumpshot),odd quarter-4 key-threepa sp-vertical-timeline-minute sp-vertical-timeline-minute-away away_event_minute,רבע 4 08:29 64-62 3. רוברט טרנר החטיא 3 נק׳ (jumpshot)
רבע 4,08:33,64-62,away,77. דווייט וילסון ריבאונד הגנה,even quarter-4 key-def sp-vertical-timeline-minute sp-vertical-timeline-minute-away away_event_minute,רבע 4 08:33 64-62 77. דווייט וילסון ריבאונד הגנה
רבע 4,08:37,64-62,home,33. עילי שאול החטיא 2 נק׳ (jumpshot),odd quarter-4 key-fga sp-vertical-timeline-minute sp-vertical-timeline-minute-home home_event_minute,33. עילי שאול החטיא 2 נק׳ (jumpshot) רבע 4 08:37 64-62
רבע 4,08:54,64-62,away,9. עמית ראובן אסיסט,even quarter-4 key-ast sp-vertical-timeline-minute sp-vertical-timeline-minute-away away_event_minute,רבע 4 08:54 64-62 9. עמית ראובן אסיסט
רבע 4,08:54,64-62,away,21. נועם יעקובי קליעה 3 נק׳ (jumpshot),odd quarter-4 key-threepm sp-vertical-timeline-minute sp-vertical-timeline-minute-away away_event_minute,רבע 4 08:54 64-62 21. נועם יעקובי קליעה 3 נק׳ (jumpshot)
רבע 4,09:11,61-62,home,15. יונתן קלר קליעה 2 נק׳ (layup),even quarter-4 key-fgm sp-vertical-timeline-minute sp-vertical-timeline-minute-home home_event_minute,15. יונתן קלר קליעה 2 נק׳ (layup) רבע 4 09:11 61-62
רבע 4,09:20,61-60,away,3. רוברט טרנר קליעה 2 נק׳ (layup),odd quarter-4 key-fgm sp-vertical-timeline-minute sp-vertical-timeline-minute-away away_event_minute,רבע 4 09:20 61-60 3. רוברט טרנר קליעה 2 נק׳ (layup)
רבע 4,09:32,59-60,away,3. רוברט טרנר חטיפה,even quarter-4 key-stl sp-vertical-timeline-minute sp-vertical-timeline-minute-away away_event_minute,רבע 4 09:32 59-60 3. רוברט טרנר חטיפה
רבע 4,09:32,59-60,home,33. עילי שאול איבוד כדור,odd quarter-4 key-to sp-vertical-timeline-minute sp-vertical-timeline-minute-home home_event_minute,33. עילי שאול איבוד כדור רבע 4 09:32 59-60
רבע 4,09:49,59-60,away,9. עמית ראובן אסיסט,even quarter-4 key-ast sp-vertical-timeline-minute sp-vertical-timeline-minute-away away_event_minute,רבע 4 09:49 59-60 9. עמית ראובן אסיסט
רבע 4,09:49,59-60,away,77. דווייט וילסון קליעה 2 נק׳ (layup),odd quarter-4 key-fgm sp-vertical-timeline-minute sp-vertical-timeline-minute-away away_event_minute,רבע 4 09:49 59-60 77. דווייט וילסון קליעה 2 נק׳ (layup)
רבע 4,10:00,57-60,home,33. עילי שאול שחקן נכנס למשחק,even quarter-4 key-sub-in sp-vertical-timeline-minute sp-vertical-timeline-minute-home home_event_minute,33. עילי שאול שחקן נכנס למשחק רבע 4 10:00 57-60
רבע 4,10:00,57-60,home,1. איתם כהן שחקן יוצא מהמגרש,odd quarter-4 key-sub-out sp-vertical-timeline-minute sp-vertical-timeline-minute-home home_event_minute,1. איתם כהן שחקן יוצא מהמגרש רבע 4 10:00 57-60
רבע 3,00:03,57-60,away,3. רוברט טרנר החטיא 3 נק׳ (jumpshot),odd quarter-3 key-threepa sp-vertical-timeline-minute sp-vertical-timeline-minute-away away_event_minute,רבע 3 00:03 57-60 3. רוברט טרנר החטיא 3 נק׳ (jumpshot)
רבע 3,00:03,57-60,away,3. רוברט טרנר ריבאונד הגנה,even quarter-3 key-def sp-vertical-timeline-minute sp-vertical-timeline-minute-away away_event_minute,רבע 3 00:03 57-60 3. רוברט טרנר ריבאונד הגנה
רבע 3,00:03,57-60,home,16. אוהד דקל החטיא 3 נק׳ (jumpshot),odd quarter-3 key-threepa sp-vertical-timeline-minute sp-vertical-timeline-minute-home home_event_minute,16. אוהד דקל החטיא 3 נק׳ (jumpshot) רבע 3 00:03 57-60
רבע 3,00:24,57-60,home,6. ים שפריר ריבאונד הגנה,even quarter-3 key-def sp-vertical-timeline-minute sp-vertical-timeline-minute-home home_event_minute,6. ים שפריר ריבאונד הגנה רבע 3 00:24 57-60
רבע 3,00:25,57-60,away,32. בן גולד החטיא 3 נק׳ (jumpshot),odd quarter-3 key-threepa sp-vertical-timeline-minute sp-vertical-timeline-minute-away away_event_minute,רבע 3 00:25 57-60 32. בן גולד החטיא 3 נק׳ (jumpshot)
רבע 3,00:44,57-60,away,21. נועם יעקובי חטיפה,even quarter-3 key-stl sp-vertical-timeline-minute sp-vertical-timeline-minute-away away_event_minute,רבע 3 00:44 57-60 21. נועם יעקובי חטיפה
רבע 3,00:44,57-60,home,1. איתם כהן איבוד כדור,even quarter-3 key-to sp-vertical-timeline-minute sp-vertical-timeline-minute-home home_event_minute,1. איתם כהן איבוד כדור רבע 3 00:44 57-60
רבע 3,00:50,57-60,away,9. עמית ראובן קליעה 2 נק׳ (layup),odd quarter-3 key-fgm sp-vertical-timeline-minute sp-vertical-timeline-minute-away away_event_minute,רבע 3 00:50 57-60 9. עמית ראובן קליעה 2 נק׳ (layup)
רבע 3,00:53,55-60,away,32. בן גולד ריבאונד הגנה,even quarter-3 key-def sp-vertical-timeline-minute sp-vertical-timeline-minute-away away_event_minute,רבע 3 00:53 55-60 32. בן גולד ריבאונד הגנה
רבע 3,00:57,55-60,home,15. יונתן קלר החטיא 2 נק׳ (jumpshot),odd quarter-3 key-fga sp-vertical-timeline-minute sp-vertical-timeline-minute-home home_event_minute,15. יונתן קלר החטיא 2 נק׳ (jumpshot) רבע 3 00:57 55-60
רבע 3,01:08,55-60,home,6. ים שפריר ריבאונד הגנה,even quarter-3 key-def sp-vertical-timeline-minute sp-vertical-timeline-minute-home home_event_minute,6. ים שפריר ריבאונד הגנה רבע 3 01:08 55-60
רבע 3,01:08,55-60,away,77. דווייט וילסון זריקת עונשין (2of2),even quarter-3 key-fta sp-vertical-timeline-minute sp-vertical-timeline-minute-away away_event_minute,רבע 3 01:08 55-60 77. דווייט וילסון זריקת עונשין (2of2)
רבע 3,01:08,55-60,away,77. דווייט וילסון קליעת עונשין (1of2),odd quarter-3 key-ftm sp-vertical-timeline-minute sp-vertical-timeline-minute-away away_event_minute,רבע 3 01:08 55-60 77. דווייט וילסון קליעת עונשין (1of2)
רבע 3,01:08,54-60,home,5. קינדל היל שחקן נכנס למשחק,even quarter-3 key-sub-in sp-vertical-timeline-minute sp-vertical-timeline-minute-home home_event_minute,5. קינדל היל שחקן נכנס למשחק רבע 3 01:08 54-60
רבע 3,01:08,54-60,home,1. איתם כהן שחקן נכנס למשחק,odd quarter-3 key-sub-in sp-vertical-timeline-minute sp-vertical-timeline-minute-home home_event_minute,1. איתם כהן שחקן נכנס למשחק רבע 3 01:08 54-60
רבע 3,01:08,54-60,home,9. עמרי שלף שחקן יוצא מהמגרש,even quarter-3 key-sub-out sp-vertical-timeline-minute sp-vertical-timeline-minute-home home_event_minute,9. עמרי שלף שחקן יוצא מהמגרש רבע 3 01:08 54-60
רבע 3,01:08,54-60,home,7. גל שטרנברג שחקן יוצא מהמגרש,odd quarter-3 key-sub-out sp-vertical-timeline-minute sp-vertical-timeline-minute-home home_event_minute,7. גל שטרנברג שחקן יוצא מהמגרש רבע 3 01:08 54-60
רבע 3,01:08,54-60,away,77. דווייט וילסון סחט עבירה,even quarter-3 key-pfa sp-vertical-timeline-minute sp-vertical-timeline-minute-away away_event_minute,רבע 3 01:08 54-60 77. דווייט וילסון סחט עבירה
רבע 3,01:08,54-60,home,7. גל שטרנברג עבירה אישית (personal),odd quarter-3 key-pf sp-vertical-timeline-minute sp-vertical-timeline-minute-home home_event_minute,7. גל שטרנברג עבירה אישית (personal) רבע 3 01:08 54-60
רבע 3,01:11,54-60,away,9. עמית ראובן ריבאונד התקפה,odd quarter-3 key-off sp-vertical-timeline-minute sp-vertical-timeline-minute-away away_event_minute,רבע 3 01:11 54-60 9. עמית ראובן ריבאונד התקפה
רבע 3,01:16,54-60,away,9. עמית ראובן החטיא 3 נק׳ (jumpshot),even quarter-3 key-threepa sp-vertical-timeline-minute sp-vertical-timeline-minute-away away_event_minute,רבע 3 01:16 54-60 9. עמית ראובן החטיא 3 נק׳ (jumpshot)
רבע 3,01:30,54-60,away,32. בן גולד ריבאונד הגנה,odd quarter-3 key-def sp-vertical-timeline-minute sp-vertical-timeline-minute-away away_event_minute,רבע 3 01:30 54-60 32. בן גולד ריבאונד הגנה
רבע 3,01:41,54-60,away,32. בן גולד חסימה של,even quarter-3 key-blk sp-vertical-timeline-minute sp-vertical-timeline-minute-away away_event_minute,רבע 3 01:41 54-60 32. בן גולד חסימה של
רבע 3,01:41,54-60,home,7. גל שטרנברג החטיא 2 נק׳ (layup),odd quarter-3 key-fga sp-vertical-timeline-minute sp-vertical-timeline-minute-home home_event_minute,7. גל שטרנברג החטיא 2 נק׳ (layup) רבע 3 01:41 54-60
רבע 3,02:00,54-60,away,21. נועם יעקובי אסיסט,even quarter-3 key-ast sp-vertical-timeline-minute sp-vertical-timeline-minute-away away_event_minute,רבע 3 02:00 54-60 21. נועם יעקובי אסיסט
רבע 3,02:00,54-60,away,77. דווייט וילסון קליעה 2 נק׳ (layup),odd quarter-3 key-fgm sp-vertical-timeline-minute sp-vertical-timeline-minute-away away_event_minute,רבע 3 02:00 54-60 77. דווייט וילסון קליעה 2 נק׳ (layup)
רבע 3,02:05,52-60,away,9. עמית ראובן ריבאונד התקפה,even quarter-3 key-off sp-vertical-timeline-minute sp-vertical-timeline-minute-away away_event_minute,רבע 3 02:05 52-60 9. עמית ראובן ריבאונד התקפה
רבע 3,02:08,52-60,away,32. בן גולד החטיא 3 נק׳ (jumpshot),odd quarter-3 key-threepa sp-vertical-timeline-minute sp-vertical-timeline-minute-away away_event_minute,רבע 3 02:08 52-60 32. בן גולד החטיא 3 נק׳ (jumpshot)
רבע 3,02:18,52-60,home,9. עמרי שלף קליעת עונשין (2of2),odd quarter-3 key-ftm sp-vertical-timeline-minute sp-vertical-timeline-minute-home home_event_minute,9. עמרי שלף קליעת עונשין (2of2) רבע 3 02:18 52-60
רבע 3,02:18,52-59,home,9. עמרי שלף קליעת עונשין (1of2),even quarter-3 key-ftm sp-vertical-timeline-minute sp-vertical-timeline-minute-home home_event_minute,9. עמרי שלף קליעת עונשין (1of2) רבע 3 02:18 52-59
רבע 3,02:18,52-58,home,9. עמרי שלף סחט עבירה,odd quarter-3 key-pfa sp-vertical-timeline-minute sp-vertical-timeline-minute-home home_event_minute,9. עמרי שלף סחט עבירה רבע 3 02:18 52-58
רבע 3,02:18,52-58,away,21. נועם יעקובי עבירה אישית (personal),even quarter-3 key-pf sp-vertical-timeline-minute sp-vertical-timeline-minute-away away_event_minute,רבע 3 02:18 52-58 21. נועם יעקובי עבירה אישית (personal)
רבע 3,02:39,52-58,away,9. עמית ראובן אסיסט,even quarter-3 key-ast sp-vertical-timeline-minute sp-vertical-timeline-minute-away away_event_minute,רבע 3 02:39 52-58 9. עמית ראובן אסיסט
רבע 3,02:39,52-58,away,32. בן גולד קליעה 3 נק׳ (jumpshot),odd quarter-3 key-threepm sp-vertical-timeline-minute sp-vertical-timeline-minute-away away_event_minute,רבע 3 02:39 52-58 32. בן גולד קליעה 3 נק׳ (jumpshot)
רבע 3,02:50,49-58,home,15. יונתן קלר קליעה 2 נק׳ (floatingjumpshot),even quarter-3 key-fgm sp-vertical-timeline-minute sp-vertical-timeline-minute-home home_event_minute,15. יונתן קלר קליעה 2 נק׳ (floatingjumpshot) רבע 3 02:50 49-58
רבע 3,03:10,49-56,home,15. יונתן קלר שחקן נכנס למשחק,even quarter-3 key-sub-in sp-vertical-timeline-minute sp-vertical-timeline-minute-home home_event_minute,15. יונתן קלר שחקן נכנס למשחק רבע 3 03:10 49-56
רבע 3,03:10,49-56,home,33. עילי שאול שחקן יוצא מהמגרש,odd quarter-3 key-sub-out sp-vertical-timeline-minute sp-vertical-timeline-minute-home home_event_minute,33. עילי שאול שחקן יוצא מהמגרש רבע 3 03:10 49-56
רבע 3,03:10,49-56,home,מ.כ עוטף דרום פסק זמן,even quarter-3 key-tmo sp-vertical-timeline-minute sp-vertical-timeline-minute-home home_event_minute,מ.כ עוטף דרום פסק זמן רבע 3 03:10 49-56
רבע 3,03:11,49-56,away,3. רוברט טרנר אסיסט,odd quarter-3 key-ast sp-vertical-timeline-minute sp-vertical-timeline-minute-away away_event_minute,רבע 3 03:11 49-56 3. רוברט טרנר אסיסט
רבע 3,03:11,49-56,away,9. עמית ראובן קליעה 3 נק׳ (jumpshot),even quarter-3 key-threepm sp-vertical-timeline-minute sp-vertical-timeline-minute-away away_event_minute,רבע 3 03:11 49-56 9. עמית ראובן קליעה 3 נק׳ (jumpshot)
רבע 3,03:13,46-56,away,77. דווייט וילסון ריבאונד הגנה,even quarter-3 key-def sp-vertical-timeline-minute sp-vertical-timeline-minute-away away_event_minute,רבע 3 03:13 46-56 77. דווייט וילסון ריבאונד הגנה
רבע 3,03:22,46-56,home,16. אוהד דקל החטיא 3 נק׳ (jumpshot),odd quarter-3 key-threepa sp-vertical-timeline-minute sp-vertical-timeline-minute-home home_event_minute,16. אוהד דקל החטיא 3 נק׳ (jumpshot) רבע 3 03:22 46-56
רבע 3,03:35,46-56,away,21. נועם יעקובי אסיסט,even quarter-3 key-ast sp-vertical-timeline-minute sp-vertical-timeline-minute-away away_event_minute,רבע 3 03:35 46-56 21. נועם יעקובי אסיסט
רבע 3,03:35,46-56,away,32. בן גולד קליעה 3 נק׳ (jumpshot),odd quarter-3 key-threepm sp-vertical-timeline-minute sp-vertical-timeline-minute-away away_event_minute,רבע 3 03:35 46-56 32. בן גולד קליעה 3 נק׳ (jumpshot)
רבע 3,03:51,43-56,home,6. ים שפריר אסיסט,even quarter-3 key-ast sp-vertical-timeline-minute sp-vertical-timeline-minute-home home_event_minute,6. ים שפריר אסיסט רבע 3 03:51 43-56
רבע 3,03:51,43-56,home,9. עמרי שלף קליעה 3 נק׳ (jumpshot),odd quarter-3 key-threepm sp-vertical-timeline-minute sp-vertical-timeline-minute-home home_event_minute,9. עמרי שלף קליעה 3 נק׳ (jumpshot) רבע 3 03:51 43-56
רבע 3,04:14,43-53,away,21. נועם יעקובי קליעת עונשין (2of2),odd quarter-3 key-ftm sp-vertical-timeline-minute sp-vertical-timeline-minute-away away_event_minute,רבע 3 04:14 43-53 21. נועם יעקובי קליעת עונשין (2of2)
רבע 3,04:14,42-53,away,21. נועם יעקובי זריקת עונשין (1of2),even quarter-3 key-fta sp-vertical-timeline-minute sp-vertical-timeline-minute-away away_event_minute,רבע 3 04:14 42-53 21. נועם יעקובי זריקת עונשין (1of2)
רבע 3,04:15,42-53,away,9. עמית ראובן שחקן נכנס למשחק,odd quarter-3 key-sub-in sp-vertical-timeline-minute sp-vertical-timeline-minute-away away_event_minute,רבע 3 04:15 42-53 9. עמית ראובן שחקן נכנס למשחק
רבע 3,04:15,42-53,away,6. אמרי שביט שחקן יוצא מהמגרש,even quarter-3 key-sub-out sp-vertical-timeline-minute sp-vertical-timeline-minute-away away_event_minute,רבע 3 04:15 42-53 6. אמרי שביט שחקן יוצא מהמגרש
רבע 3,04:15,42-53,home,6. ים שפריר שחקן נכנס למשחק,odd quarter-3 key-sub-in sp-vertical-timeline-minute sp-vertical-timeline-minute-home home_event_minute,6. ים שפריר שחקן נכנס למשחק רבע 3 04:15 42-53
רבע 3,04:15,42-53,home,23. נבו זומרפלד שחקן יוצא מהמגרש,even quarter-3 key-sub-out sp-vertical-timeline-minute sp-vertical-timeline-minute-home home_event_minute,23. נבו זומרפלד שחקן יוצא מהמגרש רבע 3 04:15 42-53
רבע 3,04:15,42-53,away,21. נועם יעקובי סחט עבירה,odd quarter-3 key-pfa sp-vertical-timeline-minute sp-vertical-timeline-minute-away away_event_minute,רבע 3 04:15 42-53 21. נועם יעקובי סחט עבירה
רבע 3,04:15,42-53,home,23. נבו זומרפלד עבירה אישית (personal),even quarter-3 key-pf sp-vertical-timeline-minute sp-vertical-timeline-minute-home home_event_minute,23. נבו זומרפלד עבירה אישית (personal) רבע 3 04:15 42-53
רבע 3,04:18,42-53,away,21. נועם יעקובי חטיפה,odd quarter-3 key-stl sp-vertical-timeline-minute sp-vertical-timeline-minute-away away_event_minute,רבע 3 04:18 42-53 21. נועם יעקובי חטיפה
רבע 3,04:18,42-53,home,9. עמרי שלף איבוד כדור,odd quarter-3 key-to sp-vertical-timeline-minute sp-vertical-timeline-minute-home home_event_minute,9. עמרי שלף איבוד כדור רבע 3 04:18 42-53
רבע 3,04:20,42-53,home,7. גל שטרנברג ריבאונד הגנה,even quarter-3 key-def sp-vertical-timeline-minute sp-vertical-timeline-minute-home home_event_minute,7. גל שטרנברג ריבאונד הגנה רבע 3 04:20 42-53
רבע 3,04:26,42-53,away,6. אמרי שביט החטיא 3 נק׳ (jumpshot),odd quarter-3 key-threepa sp-vertical-timeline-minute sp-vertical-timeline-minute-away away_event_minute,רבע 3 04:26 42-53 6. אמרי שביט החטיא 3 נק׳ (jumpshot)
רבע 3,04:58,42-53,away,6. אמרי שביט סחט עבירה,odd quarter-3 key-pfa sp-vertical-timeline-minute sp-vertical-timeline-minute-away away_event_minute,רבע 3 04:58 42-53 6. אמרי שביט סחט עבירה
רבע 3,04:58,42-53,home,9. עמרי שלף עבירה אישית (personal),even quarter-3 key-pf sp-vertical-timeline-minute sp-vertical-timeline-minute-home home_event_minute,9. עמרי שלף עבירה אישית (personal) רבע 3 04:58 42-53
רבע 3,05:00,42-53,away,6. אמרי שביט ריבאונד הגנה,even quarter-3 key-def sp-vertical-timeline-minute sp-vertical-timeline-minute-away away_event_minute,רבע 3 05:00 42-53 6. אמרי שביט ריבאונד הגנה
רבע 3,05:03,42-53,home,5. קינדל היל החטיא 3 נק׳ (jumpshot),odd quarter-3 key-threepa sp-vertical-timeline-minute sp-vertical-timeline-minute-home home_event_minute,5. קינדל היל החטיא 3 נק׳ (jumpshot) רבע 3 05:03 42-53
רבע 3,05:21,42-53,away,21. נועם יעקובי איבוד כדור,even quarter-3 key-to sp-vertical-timeline-minute sp-vertical-timeline-minute-away away_event_minute,רבע 3 05:21 42-53 21. נועם יעקובי איבוד כדור
רבע 3,05:33,42-53,away,21. נועם יעקובי סחט עבירה,odd quarter-3 key-pfa sp-vertical-timeline-minute sp-vertical-timeline-minute-away away_event_minute,רבע 3 05:33 42-53 21. נועם יעקובי סחט עבירה
רבע 3,05:33,42-53,home,23. נבו זומרפלד עבירה אישית (personal),even quarter-3 key-pf sp-vertical-timeline-minute sp-vertical-timeline-minute-home home_event_minute,23. נבו זומרפלד עבירה אישית (personal) רבע 3 05:33 42-53
רבע 3,05:35,42-53,away,77. דווייט וילסון ריבאונד הגנה,even quarter-3 key-def sp-vertical-timeline-minute sp-vertical-timeline-minute-away away_event_minute,רבע 3 05:35 42-53 77. דווייט וילסון ריבאונד הגנה
רבע 3,05:38,42-53,home,23. נבו זומרפלד החטיא 3 נק׳ (jumpshot),odd quarter-3 key-threepa sp-vertical-timeline-minute sp-vertical-timeline-minute-home home_event_minute,23. נבו זומרפלד החטיא 3 נק׳ (jumpshot) רבע 3 05:38 42-53
רבע 3,05:54,42-53,home,5. קינדל היל ריבאונד הגנה,even quarter-3 key-def sp-vertical-timeline-minute sp-vertical-timeline-minute-home home_event_minute,5. קינדל היל ריבאונד הגנה רבע 3 05:54 42-53
רבע 3,06:00,42-53,away,77. דווייט וילסון החטיא 2 נק׳ (layup),odd quarter-3 key-fga sp-vertical-timeline-minute sp-vertical-timeline-minute-away away_event_minute,רבע 3 06:00 42-53 77. דווייט וילסון החטיא 2 נק׳ (layup)
רבע 3,06:15,42-53,away,מכבי אשדוד פסק זמן,even quarter-3 key-tmo sp-vertical-timeline-minute sp-vertical-timeline-minute-away away_event_minute,רבע 3 06:15 42-53 מכבי אשדוד פסק זמן
רבע 3,06:17,42-53,home,33. עילי שאול אסיסט,odd quarter-3 key-ast sp-vertical-timeline-minute sp-vertical-timeline-minute-home home_event_minute,33. עילי שאול אסיסט רבע 3 06:17 42-53
רבע 3,06:17,42-53,home,7. גל שטרנברג קליעה 3 נק׳ (jumpshot),odd quarter-3 key-threepm sp-vertical-timeline-minute sp-vertical-timeline-minute-home home_event_minute,7. גל שטרנברג קליעה 3 נק׳ (jumpshot) רבע 3 06:17 42-53
רבע 3,06:25,42-50,home,33. עילי שאול סחט עבירה,odd quarter-3 key-pfa sp-vertical-timeline-minute sp-vertical-timeline-minute-home home_event_minute,33. עילי שאול סחט עבירה רבע 3 06:25 42-50
רבע 3,06:25,42-50,away,21. נועם יעקובי עבירה אישית (personal),even quarter-3 key-pf sp-vertical-timeline-minute sp-vertical-timeline-minute-away away_event_minute,רבע 3 06:25 42-50 21. נועם יעקובי עבירה אישית (personal)
רבע 3,06:43,42-50,away,32. בן גולד שחקן נכנס למשחק,odd quarter-3 key-sub-in sp-vertical-timeline-minute sp-vertical-timeline-minute-away away_event_minute,רבע 3 06:43 42-50 32. בן גולד שחקן נכנס למשחק
רבע 3,06:43,42-50,away,7. רביב פיטשון שחקן יוצא מהמגרש,even quarter-3 key-sub-out sp-vertical-timeline-minute sp-vertical-timeline-minute-away away_event_minute,רבע 3 06:43 42-50 7. רביב פיטשון שחקן יוצא מהמגרש
רבע 3,06:43,42-50,home,33. עילי שאול סחט עבירה,odd quarter-3 key-pfa sp-vertical-timeline-minute sp-vertical-timeline-minute-home home_event_minute,33. עילי שאול סחט עבירה רבע 3 06:43 42-50
רבע 3,06:43,42-50,away,7. רביב פיטשון איבוד כדור,even quarter-3 key-to sp-vertical-timeline-minute sp-vertical-timeline-minute-away away_event_minute,רבע 3 06:43 42-50 7. רביב פיטשון איבוד כדור
רבע 3,06:43,42-50,away,7. רביב פיטשון עבירה אישית (offensive),odd quarter-3 key-pf sp-vertical-timeline-minute sp-vertical-timeline-minute-away away_event_minute,רבע 3 06:43 42-50 7. רביב פיטשון עבירה אישית (offensive)
רבע 3,06:54,42-50,home,5. קינדל היל איבוד כדור,even quarter-3 key-to sp-vertical-timeline-minute sp-vertical-timeline-minute-home home_event_minute,5. קינדל היל איבוד כדור רבע 3 06:54 42-50
רבע 3,07:07,42-50,home,23. נבו זומרפלד ריבאונד הגנה,odd quarter-3 key-def sp-vertical-timeline-minute sp-vertical-timeline-minute-home home_event_minute,23. נבו זומרפלד ריבאונד הגנה רבע 3 07:07 42-50
רבע 3,07:07,42-50,home,מ.כ עוטף דרום jumpball,even quarter-3 key-jumpball sp-vertical-timeline-minute sp-vertical-timeline-minute-home home_event_minute,מ.כ עוטף דרום jumpball רבע 3 07:07 42-50
רבע 3,07:12,42-50,away,7. רביב פיטשון החטיא 2 נק׳ (layup),even quarter-3 key-fga sp-vertical-timeline-minute sp-vertical-timeline-minute-away away_event_minute,רבע 3 07:12 42-50 7. רביב פיטשון החטיא 2 נק׳ (layup)
רבע 3,07:32,42-50,away,21. נועם יעקובי סחט עבירה,even quarter-3 key-pfa sp-vertical-timeline-minute sp-vertical-timeline-minute-away away_event_minute,רבע 3 07:32 42-50 21. נועם יעקובי סחט עבירה
רבע 3,07:32,42-50,home,23. נבו זומרפלד איבוד כדור,odd quarter-3 key-to sp-vertical-timeline-minute sp-vertical-timeline-minute-home home_event_minute,23. נבו זומרפלד איבוד כדור רבע 3 07:32 42-50
רבע 3,07:32,42-50,home,23. נבו זומרפלד עבירה אישית (offensive),even quarter-3 key-pf sp-vertical-timeline-minute sp-vertical-timeline-minute-home home_event_minute,23. נבו זומרפלד עבירה אישית (offensive) רבע 3 07:32 42-50
רבע 3,07:32,42-50,home,23. נבו זומרפלד ריבאונד הגנה,odd quarter-3 key-def sp-vertical-timeline-minute sp-vertical-timeline-minute-home home_event_minute,23. נבו זומרפלד ריבאונד הגנה רבע 3 07:32 42-50
רבע 3,07:36,42-50,away,7. רביב פיטשון החטיא 2 נק׳ (layup),odd quarter-3 key-fga sp-vertical-timeline-minute sp-vertical-timeline-minute-away away_event_minute,רבע 3 07:36 42-50 7. רביב פיטשון החטיא 2 נק׳ (layup)
רבע 3,07:38,42-50,away,7. רביב פיטשון ריבאונד התקפה,even quarter-3 key-off sp-vertical-timeline-minute sp-vertical-timeline-minute-away away_event_minute,רבע 3 07:38 42-50 7. רביב פיטשון ריבאונד התקפה
רבע 3,07:42,42-50,away,3. רוברט טרנר החטיא 3 נק׳ (jumpshot),odd quarter-3 key-threepa sp-vertical-timeline-minute sp-vertical-timeline-minute-away away_event_minute,רבע 3 07:42 42-50 3. רוברט טרנר החטיא 3 נק׳ (jumpshot)
רבע 3,07:54,42-50,home,7. גל שטרנברג קליעה 2 נק׳ (jumpshot),even quarter-3 key-fgm sp-vertical-timeline-minute sp-vertical-timeline-minute-home home_event_minute,7. גל שטרנברג קליעה 2 נק׳ (jumpshot) רבע 3 07:54 42-50
רבע 3,08:08,42-48,home,23. נבו זומרפלד קליעת עונשין (2of2),even quarter-3 key-ftm sp-vertical-timeline-minute sp-vertical-timeline-minute-home home_event_minute,23. נבו זומרפלד קליעת עונשין (2of2) רבע 3 08:08 42-48
רבע 3,08:08,42-47,home,23. נבו זומרפלד זריקת עונשין (1of2),odd quarter-3 key-fta sp-vertical-timeline-minute sp-vertical-timeline-minute-home home_event_minute,23. נבו זומרפלד זריקת עונשין (1of2) רבע 3 08:08 42-47
רבע 3,08:08,42-47,away,21. נועם יעקובי שחקן נכנס למשחק,even quarter-3 key-sub-in sp-vertical-timeline-minute sp-vertical-timeline-minute-away away_event_minute,רבע 3 08:08 42-47 21. נועם יעקובי שחקן נכנס למשחק
רבע 3,08:08,42-47,away,9. עמית ראובן שחקן יוצא מהמגרש,odd quarter-3 key-sub-out sp-vertical-timeline-minute sp-vertical-timeline-minute-away away_event_minute,רבע 3 08:08 42-47 9. עמית ראובן שחקן יוצא מהמגרש
רבע 3,08:08,42-47,home,23. נבו זומרפלד סחט עבירה,even quarter-3 key-pfa sp-vertical-timeline-minute sp-vertical-timeline-minute-home home_event_minute,23. נבו זומרפלד סחט עבירה רבע 3 08:08 42-47
רבע 3,08:08,42-47,away,9. עמית ראובן עבירה אישית (unsportsmanlike),odd quarter-3 key-pf sp-vertical-timeline-minute sp-vertical-timeline-minute-away away_event_minute,רבע 3 08:08 42-47 9. עמית ראובן עבירה אישית (unsportsmanlike)
רבע 3,08:10,42-47,home,23. נבו זומרפלד ריבאונד הגנה,odd quarter-3 key-def sp-vertical-timeline-minute sp-vertical-timeline-minute-home home_event_minute,23. נבו זומרפלד ריבאונד הגנה רבע 3 08:10 42-47
רבע 3,08:15,42-47,away,3. רוברט טרנר החטיא 3 נק׳ (jumpshot),even quarter-3 key-threepa sp-vertical-timeline-minute sp-vertical-timeline-minute-away away_event_minute,רבע 3 08:15 42-47 3. רוברט טרנר החטיא 3 נק׳ (jumpshot)
רבע 3,08:28,42-47,home,7. גל שטרנברג אסיסט,odd quarter-3 key-ast sp-vertical-timeline-minute sp-vertical-timeline-minute-home home_event_minute,7. גל שטרנברג אסיסט רבע 3 08:28 42-47
רבע 3,08:28,42-47,home,23. נבו זומרפלד קליעה 2 נק׳ (jumpshot),even quarter-3 key-fgm sp-vertical-timeline-minute sp-vertical-timeline-minute-home home_event_minute,23. נבו זומרפלד קליעה 2 נק׳ (jumpshot) רבע 3 08:28 42-47
רבע 3,08:52,42-45,away,77. דווייט וילסון קליעת עונשין (2of2),even quarter-3 key-ftm sp-vertical-timeline-minute sp-vertical-timeline-minute-away away_event_minute,רבע 3 08:52 42-45 77. דווייט וילסון קליעת עונשין (2of2)
רבע 3,08:52,41-45,away,77. דווייט וילסון זריקת עונשין (1of2),odd quarter-3 key-fta sp-vertical-timeline-minute sp-vertical-timeline-minute-away away_event_minute,רבע 3 08:52 41-45 77. דווייט וילסון זריקת עונשין (1of2)
רבע 3,08:52,41-45,away,77. דווייט וילסון סחט עבירה,even quarter-3 key-pfa sp-vertical-timeline-minute sp-vertical-timeline-minute-away away_event_minute,רבע 3 08:52 41-45 77. דווייט וילסון סחט עבירה
רבע 3,08:52,41-45,home,5. קינדל היל עבירה אישית (personal),odd quarter-3 key-pf sp-vertical-timeline-minute sp-vertical-timeline-minute-home home_event_minute,5. קינדל היל עבירה אישית (personal) רבע 3 08:52 41-45
רבע 3,09:11,41-45,away,מכבי אשדוד ריבאונד הגנה,even quarter-3 key-def sp-vertical-timeline-minute sp-vertical-timeline-minute-away away_event_minute,רבע 3 09:11 41-45 מכבי אשדוד ריבאונד הגנה
רבע 3,09:12,41-45,home,5. קינדל היל החטיא 2 נק׳ (layup),even quarter-3 key-fga sp-vertical-timeline-minute sp-vertical-timeline-minute-home home_event_minute,5. קינדל היל החטיא 2 נק׳ (layup) רבע 3 09:12 41-45
רבע 3,09:15,41-45,home,23. נבו זומרפלד ריבאונד התקפה,odd quarter-3 key-off sp-vertical-timeline-minute sp-vertical-timeline-minute-home home_event_minute,23. נבו זומרפלד ריבאונד התקפה רבע 3 09:15 41-45
רבע 3,09:18,41-45,home,5. קינדל היל החטיא 2 נק׳ (jumpshot),even quarter-3 key-fga sp-vertical-timeline-minute sp-vertical-timeline-minute-home home_event_minute,5. קינדל היל החטיא 2 נק׳ (jumpshot) רבע 3 09:18 41-45
רבע 3,09:38,41-45,home,5. קינדל היל ריבאונד הגנה,odd quarter-3 key-def sp-vertical-timeline-minute sp-vertical-timeline-minute-home home_event_minute,5. קינדל היל ריבאונד הגנה רבע 3 09:38 41-45
רבע 3,09:41,41-45,away,9. עמית ראובן החטיא 3 נק׳ (jumpshot),even quarter-3 key-threepa sp-vertical-timeline-minute sp-vertical-timeline-minute-away away_event_minute,רבע 3 09:41 41-45 9. עמית ראובן החטיא 3 נק׳ (jumpshot)
רבע 3,09:43,41-45,away,77. דווייט וילסון ריבאונד התקפה,odd quarter-3 key-off sp-vertical-timeline-minute sp-vertical-timeline-minute-away away_event_minute,רבע 3 09:43 41-45 77. דווייט וילסון ריבאונד התקפה
רבע 3,09:50,41-45,away,3. רוברט טרנר החטיא 2 נק׳ (jumpshot),even quarter-3 key-fga sp-vertical-timeline-minute sp-vertical-timeline-minute-away away_event_minute,רבע 3 09:50 41-45 3. רוברט טרנר החטיא 2 נק׳ (jumpshot)
רבע 3,10:00,41-45,away,6. אמרי שביט שחקן נכנס למשחק,odd quarter-3 key-sub-in sp-vertical-timeline-minute sp-vertical-timeline-minute-away away_event_minute,רבע 3 10:00 41-45 6. אמרי שביט שחקן נכנס למשחק
רבע 3,10:00,41-45,away,3. רוברט טרנר שחקן נכנס למשחק,even quarter-3 key-sub-in sp-vertical-timeline-minute sp-vertical-timeline-minute-away away_event_minute,רבע 3 10:00 41-45 3. רוברט טרנר שחקן נכנס למשחק
רבע 3,10:00,41-45,away,11. בר שינבוים שחקן יוצא מהמגרש,odd quarter-3 key-sub-out sp-vertical-timeline-minute sp-vertical-timeline-minute-away away_event_minute,רבע 3 10:00 41-45 11. בר שינבוים שחקן יוצא מהמגרש
רבע 3,10:00,41-45,away,4. שחר שלמון שחקן יוצא מהמגרש,even quarter-3 key-sub-out sp-vertical-timeline-minute sp-vertical-timeline-minute-away away_event_minute,רבע 3 10:00 41-45 4. שחר שלמון שחקן יוצא מהמגרש
רבע 3,10:00,41-45,home,23. נבו זומרפלד שחקן נכנס למשחק,odd quarter-3 key-sub-in sp-vertical-timeline-minute sp-vertical-timeline-minute-home home_event_minute,23. נבו זומרפלד שחקן נכנס למשחק רבע 3 10:00 41-45
רבע 3,10:00,41-45,home,6. ים שפריר שחקן יוצא מהמגרש,even quarter-3 key-sub-out sp-vertical-timeline-minute sp-vertical-timeline-minute-home home_event_minute,6. ים שפריר שחקן יוצא מהמגרש רבע 3 10:00 41-45
רבע 1,00:36,21-20,away,21. נועם יעקובי אסיסט,odd quarter-1 key-ast sp-vertical-timeline-minute sp-vertical-timeline-minute-away away_event_minute,רבע 1 00:36 21-20 21. נועם יעקובי אסיסט
רבע 2,00:02,41-45,away,9. עמית ראובן החטיא 3 נק׳ (jumpshot),odd quarter-2 key-threepa sp-vertical-timeline-minute sp-vertical-timeline-minute-away away_event_minute,רבע 2 00:02 41-45 9. עמית ראובן החטיא 3 נק׳ (jumpshot)
רבע 2,00:06,41-45,home,33. עילי שאול אסיסט,odd quarter-2 key-ast sp-vertical-timeline-minute sp-vertical-timeline-minute-home home_event_minute,33. עילי שאול אסיסט רבע 2 00:06 41-45
רבע 2,00:06,41-45,home,6. ים שפריר קליעה 3 נק׳ (jumpshot),even quarter-2 key-threepm sp-vertical-timeline-minute sp-vertical-timeline-minute-home home_event_minute,6. ים שפריר קליעה 3 נק׳ (jumpshot) רבע 2 00:06 41-45
רבע 2,00:29,41-42,home,6. ים שפריר חטיפה,odd quarter-2 key-stl sp-vertical-timeline-minute sp-vertical-timeline-minute-home home_event_minute,6. ים שפריר חטיפה רבע 2 00:29 41-42
רבע 2,00:29,41-42,away,9. עמית ראובן איבוד כדור,even quarter-2 key-to sp-vertical-timeline-minute sp-vertical-timeline-minute-away away_event_minute,רבע 2 00:29 41-42 9. עמית ראובן איבוד כדור
רבע 2,00:34,41-42,away,77. דווייט וילסון ריבאונד הגנה,odd quarter-2 key-def sp-vertical-timeline-minute sp-vertical-timeline-minute-away away_event_minute,רבע 2 00:34 41-42 77. דווייט וילסון ריבאונד הגנה
רבע 2,00:36,41-42,home,9. עמרי שלף החטיא 3 נק׳ (jumpshot),even quarter-2 key-threepa sp-vertical-timeline-minute sp-vertical-timeline-minute-home home_event_minute,9. עמרי שלף החטיא 3 נק׳ (jumpshot) רבע 2 00:36 41-42
רבע 2,00:54,41-42,away,4. שחר שלמון שחקן נכנס למשחק,even quarter-2 key-sub-in sp-vertical-timeline-minute sp-vertical-timeline-minute-away away_event_minute,רבע 2 00:54 41-42 4. שחר שלמון שחקן נכנס למשחק
רבע 2,00:54,41-42,away,3. רוברט טרנר שחקן יוצא מהמגרש,odd quarter-2 key-sub-out sp-vertical-timeline-minute sp-vertical-timeline-minute-away away_event_minute,רבע 2 00:54 41-42 3. רוברט טרנר שחקן יוצא מהמגרש
רבע 2,00:54,41-42,home,6. ים שפריר שחקן נכנס למשחק,even quarter-2 key-sub-in sp-vertical-timeline-minute sp-vertical-timeline-minute-home home_event_minute,6. ים שפריר שחקן נכנס למשחק רבע 2 00:54 41-42
רבע 2,00:54,41-42,home,1. איתם כהן שחקן יוצא מהמגרש,odd quarter-2 key-sub-out sp-vertical-timeline-minute sp-vertical-timeline-minute-home home_event_minute,1. איתם כהן שחקן יוצא מהמגרש רבע 2 00:54 41-42
רבע 2,00:54,41-42,home,מ.כ עוטף דרום פסק זמן,even quarter-2 key-tmo sp-vertical-timeline-minute sp-vertical-timeline-minute-home home_event_minute,מ.כ עוטף דרום פסק זמן רבע 2 00:54 41-42
רבע 2,00:55,41-42,away,77. דווייט וילסון אסיסט,odd quarter-2 key-ast sp-vertical-timeline-minute sp-vertical-timeline-minute-away away_event_minute,רבע 2 00:55 41-42 77. דווייט וילסון אסיסט
רבע 2,00:55,41-42,away,7. רביב פיטשון קליעה 2 נק׳ (layup),odd quarter-2 key-fgm sp-vertical-timeline-minute sp-vertical-timeline-minute-away away_event_minute,רבע 2 00:55 41-42 7. רביב פיטשון קליעה 2 נק׳ (layup)
רבע 2,01:02,39-42,away,11. בר שינבוים חטיפה,even quarter-2 key-stl sp-vertical-timeline-minute sp-vertical-timeline-minute-away away_event_minute,רבע 2 01:02 39-42 11. בר שינבוים חטיפה
רבע 2,01:02,39-42,home,33. עילי שאול איבוד כדור,odd quarter-2 key-to sp-vertical-timeline-minute sp-vertical-timeline-minute-home home_event_minute,33. עילי שאול איבוד כדור רבע 2 01:02 39-42
רבע 2,01:06,39-42,home,5. קינדל היל ריבאונד הגנה,even quarter-2 key-def sp-vertical-timeline-minute sp-vertical-timeline-minute-home home_event_minute,5. קינדל היל ריבאונד הגנה רבע 2 01:06 39-42
רבע 2,01:09,39-42,away,3. רוברט טרנר החטיא 2 נק׳ (layup),odd quarter-2 key-fga sp-vertical-timeline-minute sp-vertical-timeline-minute-away away_event_minute,רבע 2 01:09 39-42 3. רוברט טרנר החטיא 2 נק׳ (layup)
רבע 2,01:24,39-42,home,9. עמרי שלף איבוד כדור,odd quarter-2 key-to sp-vertical-timeline-minute sp-vertical-timeline-minute-home home_event_minute,9. עמרי שלף איבוד כדור רבע 2 01:24 39-42
רבע 2,01:38,39-42,away,3. רוברט טרנר אסיסט,odd quarter-2 key-ast sp-vertical-timeline-minute sp-vertical-timeline-minute-away away_event_minute,רבע 2 01:38 39-42 3. רוברט טרנר אסיסט
רבע 2,01:38,39-42,away,7. רביב פיטשון קליעה 3 נק׳ (jumpshot),even quarter-2 key-threepm sp-vertical-timeline-minute sp-vertical-timeline-minute-away away_event_minute,רבע 2 01:38 39-42 7. רביב פיטשון קליעה 3 נק׳ (jumpshot)
רבע 2,01:46,36-42,away,9. עמית ראובן שחקן נכנס למשחק,even quarter-2 key-sub-in sp-vertical-timeline-minute sp-vertical-timeline-minute-away away_event_minute,רבע 2 01:46 36-42 9. עמית ראובן שחקן נכנס למשחק
רבע 2,01:46,36-42,away,4. שחר שלמון שחקן יוצא מהמגרש,odd quarter-2 key-sub-out sp-vertical-timeline-minute sp-vertical-timeline-minute-away away_event_minute,רבע 2 01:46 36-42 4. שחר שלמון שחקן יוצא מהמגרש
רבע 2,01:46,36-42,away,מכבי אשדוד ריבאונד התקפה,even quarter-2 key-off sp-vertical-timeline-minute sp-vertical-timeline-minute-away away_event_minute,רבע 2 01:46 36-42 מכבי אשדוד ריבאונד התקפה
רבע 2,01:47,36-42,home,9. עמרי שלף חסימה של,odd quarter-2 key-blk sp-vertical-timeline-minute sp-vertical-timeline-minute-home home_event_minute,9. עמרי שלף חסימה של רבע 2 01:47 36-42
רבע 2,01:47,36-42,away,11. בר שינבוים החטיא 2 נק׳ (layup),odd quarter-2 key-fga sp-vertical-timeline-minute sp-vertical-timeline-minute-away away_event_minute,רבע 2 01:47 36-42 11. בר שינבוים החטיא 2 נק׳ (layup)
רבע 2,02:01,36-42,away,77. דווייט וילסון ריבאונד הגנה,even quarter-2 key-def sp-vertical-timeline-minute sp-vertical-timeline-minute-away away_event_minute,רבע 2 02:01 36-42 77. דווייט וילסון ריבאונד הגנה
רבע 2,02:01,36-42,home,33. עילי שאול זריקת עונשין (1of1),even quarter-2 key-fta sp-vertical-timeline-minute sp-vertical-timeline-minute-home home_event_minute,33. עילי שאול זריקת עונשין (1of1) רבע 2 02:01 36-42
רבע 2,02:02,36-42,away,3. רוברט טרנר שחקן נכנס למשחק,even quarter-2 key-sub-in sp-vertical-timeline-minute sp-vertical-timeline-minute-away away_event_minute,רבע 2 02:02 36-42 3. רוברט טרנר שחקן נכנס למשחק
רבע 2,02:02,36-42,away,21. נועם יעקובי שחקן יוצא מהמגרש,odd quarter-2 key-sub-out sp-vertical-timeline-minute sp-vertical-timeline-minute-away away_event_minute,רבע 2 02:02 36-42 21. נועם יעקובי שחקן יוצא מהמגרש
רבע 2,02:02,36-42,home,33. עילי שאול סחט עבירה,even quarter-2 key-pfa sp-vertical-timeline-minute sp-vertical-timeline-minute-home home_event_minute,33. עילי שאול סחט עבירה רבע 2 02:02 36-42
רבע 2,02:02,36-42,away,21. נועם יעקובי עבירה אישית (personal),odd quarter-2 key-pf sp-vertical-timeline-minute sp-vertical-timeline-minute-away away_event_minute,רבע 2 02:02 36-42 21. נועם יעקובי עבירה אישית (personal)
רבע 2,02:02,36-42,home,5. קינדל היל אסיסט,even quarter-2 key-ast sp-vertical-timeline-minute sp-vertical-timeline-minute-home home_event_minute,5. קינדל היל אסיסט רבע 2 02:02 36-42
רבע 2,02:02,36-42,home,33. עילי שאול קליעה 2 נק׳ (layup),odd quarter-2 key-fgm sp-vertical-timeline-minute sp-vertical-timeline-minute-home home_event_minute,33. עילי שאול קליעה 2 נק׳ (layup) רבע 2 02:02 36-42
רבע 2,02:23,36-40,away,7. רביב פיטשון קליעה 2 נק׳ (layup),odd quarter-2 key-fgm sp-vertical-timeline-minute sp-vertical-timeline-minute-away away_event_minute,רבע 2 02:23 36-40 7. רביב פיטשון קליעה 2 נק׳ (layup)
רבע 2,02:28,34-40,away,21. נועם יעקובי סחט עבירה,odd quarter-2 key-pfa sp-vertical-timeline-minute sp-vertical-timeline-minute-away away_event_minute,רבע 2 02:28 34-40 21. נועם יעקובי סחט עבירה
רבע 2,02:28,34-40,home,1. איתם כהן עבירה אישית (personal),even quarter-2 key-pf sp-vertical-timeline-minute sp-vertical-timeline-minute-home home_event_minute,1. איתם כהן עבירה אישית (personal) רבע 2 02:28 34-40
רבע 2,02:37,34-40,away,77. דווייט וילסון ריבאונד הגנה,even quarter-2 key-def sp-vertical-timeline-minute sp-vertical-timeline-minute-away away_event_minute,רבע 2 02:37 34-40 77. דווייט וילסון ריבאונד הגנה
רבע 2,02:40,34-40,home,7. גל שטרנברג החטיא 3 נק׳ (jumpshot),odd quarter-2 key-threepa sp-vertical-timeline-minute sp-vertical-timeline-minute-home home_event_minute,7. גל שטרנברג החטיא 3 נק׳ (jumpshot) רבע 2 02:40 34-40
רבע 2,02:49,34-40,away,11. בר שינבוים שחקן נכנס למשחק,odd quarter-2 key-sub-in sp-vertical-timeline-minute sp-vertical-timeline-minute-away away_event_minute,רבע 2 02:49 34-40 11. בר שינבוים שחקן נכנס למשחק
רבע 2,02:49,34-40,away,3. רוברט טרנר שחקן יוצא מהמגרש,even quarter-2 key-sub-out sp-vertical-timeline-minute sp-vertical-timeline-minute-away away_event_minute,רבע 2 02:49 34-40 3. רוברט טרנר שחקן יוצא מהמגרש
רבע 2,02:49,34-40,home,33. עילי שאול סחט עבירה,odd quarter-2 key-pfa sp-vertical-timeline-minute sp-vertical-timeline-minute-home home_event_minute,33. עילי שאול סחט עבירה רבע 2 02:49 34-40
רבע 2,02:49,34-40,away,4. שחר שלמון עבירה אישית (personal),even quarter-2 key-pf sp-vertical-timeline-minute sp-vertical-timeline-minute-away away_event_minute,רבע 2 02:49 34-40 4. שחר שלמון עבירה אישית (personal)
רבע 2,02:52,34-40,home,5. קינדל היל ריבאונד הגנה,even quarter-2 key-def sp-vertical-timeline-minute sp-vertical-timeline-minute-home home_event_minute,5. קינדל היל ריבאונד הגנה רבע 2 02:52 34-40
רבע 2,02:57,34-40,away,3. רוברט טרנר החטיא 2 נק׳ (jumpshot),odd quarter-2 key-fga sp-vertical-timeline-minute sp-vertical-timeline-minute-away away_event_minute,רבע 2 02:57 34-40 3. רוברט טרנר החטיא 2 נק׳ (jumpshot)
רבע 2,03:14,34-40,home,33. עילי שאול קליעת עונשין (2of2),even quarter-2 key-ftm sp-vertical-timeline-minute sp-vertical-timeline-minute-home home_event_minute,33. עילי שאול קליעת עונשין (2of2) רבע 2 03:14 34-40
רבע 2,03:14,34-39,home,33. עילי שאול זריקת עונשין (1of2),odd quarter-2 key-fta sp-vertical-timeline-minute sp-vertical-timeline-minute-home home_event_minute,33. עילי שאול זריקת עונשין (1of2) רבע 2 03:14 34-39
רבע 2,03:14,34-39,away,7. רביב פיטשון שחקן נכנס למשחק,even quarter-2 key-sub-in sp-vertical-timeline-minute sp-vertical-timeline-minute-away away_event_minute,רבע 2 03:14 34-39 7. רביב פיטשון שחקן נכנס למשחק
רבע 2,03:14,34-39,away,6. אמרי שביט שחקן יוצא מהמגרש,odd quarter-2 key-sub-out sp-vertical-timeline-minute sp-vertical-timeline-minute-away away_event_minute,רבע 2 03:14 34-39 6. אמרי שביט שחקן יוצא מהמגרש
רבע 2,03:14,34-39,home,33. עילי שאול סחט עבירה,even quarter-2 key-pfa sp-vertical-timeline-minute sp-vertical-timeline-minute-home home_event_minute,33. עילי שאול סחט עבירה רבע 2 03:14 34-39
רבע 2,03:14,34-39,away,6. אמרי שביט עבירה אישית (personal),odd quarter-2 key-pf sp-vertical-timeline-minute sp-vertical-timeline-minute-away away_event_minute,רבע 2 03:14 34-39 6. אמרי שביט עבירה אישית (personal)
רבע 2,03:31,34-39,away,21. נועם יעקובי שחקן נכנס למשחק,odd quarter-2 key-sub-in sp-vertical-timeline-minute sp-vertical-timeline-minute-away away_event_minute,רבע 2 03:31 34-39 21. נועם יעקובי שחקן נכנס למשחק
רבע 2,03:31,34-39,away,9. עמית ראובן שחקן יוצא מהמגרש,even quarter-2 key-sub-out sp-vertical-timeline-minute sp-vertical-timeline-minute-away away_event_minute,רבע 2 03:31 34-39 9. עמית ראובן שחקן יוצא מהמגרש
רבע 2,03:31,34-39,home,5. קינדל היל סחט עבירה,odd quarter-2 key-pfa sp-vertical-timeline-minute sp-vertical-timeline-minute-home home_event_minute,5. קינדל היל סחט עבירה רבע 2 03:31 34-39
רבע 2,03:31,34-39,away,6. אמרי שביט איבוד כדור,even quarter-2 key-to sp-vertical-timeline-minute sp-vertical-timeline-minute-away away_event_minute,רבע 2 03:31 34-39 6. אמרי שביט איבוד כדור
רבע 2,03:31,34-39,away,6. אמרי שביט עבירה אישית (offensive),odd quarter-2 key-pf sp-vertical-timeline-minute sp-vertical-timeline-minute-away away_event_minute,רבע 2 03:31 34-39 6. אמרי שביט עבירה אישית (offensive)
רבע 2,03:47,34-39,home,33. עילי שאול קליעה 2 נק׳ (jumpshot),odd quarter-2 key-fgm sp-vertical-timeline-minute sp-vertical-timeline-minute-home home_event_minute,33. עילי שאול קליעה 2 נק׳ (jumpshot) רבע 2 03:47 34-39
רבע 2,03:54,34-37,home,33. עילי שאול חטיפה,even quarter-2 key-stl sp-vertical-timeline-minute sp-vertical-timeline-minute-home home_event_minute,33. עילי שאול חטיפה רבע 2 03:54 34-37
רבע 2,03:54,34-37,away,77. דווייט וילסון איבוד כדור,odd quarter-2 key-to sp-vertical-timeline-minute sp-vertical-timeline-minute-away away_event_minute,רבע 2 03:54 34-37 77. דווייט וילסון איבוד כדור
רבע 2,04:13,34-37,away,4. שחר שלמון שחקן נכנס למשחק,odd quarter-2 key-sub-in sp-vertical-timeline-minute sp-vertical-timeline-minute-away away_event_minute,רבע 2 04:13 34-37 4. שחר שלמון שחקן נכנס למשחק
רבע 2,04:13,34-37,away,32. בן גולד שחקן יוצא מהמגרש,even quarter-2 key-sub-out sp-vertical-timeline-minute sp-vertical-timeline-minute-away away_event_minute,רבע 2 04:13 34-37 32. בן גולד שחקן יוצא מהמגרש
רבע 2,04:13,34-37,home,1. איתם כהן שחקן נכנס למשחק,odd quarter-2 key-sub-in sp-vertical-timeline-minute sp-vertical-timeline-minute-home home_event_minute,1. איתם כהן שחקן נכנס למשחק רבע 2 04:13 34-37
רבע 2,04:13,34-37,home,6. ים שפריר שחקן יוצא מהמגרש,even quarter-2 key-sub-out sp-vertical-timeline-minute sp-vertical-timeline-minute-home home_event_minute,6. ים שפריר שחקן יוצא מהמגרש רבע 2 04:13 34-37
רבע 2,04:13,34-37,away,מכבי אשדוד פסק זמן,odd quarter-2 key-tmo sp-vertical-timeline-minute sp-vertical-timeline-minute-away away_event_minute,רבע 2 04:13 34-37 מכבי אשדוד פסק זמן
רבע 2,04:13,34-37,home,6. ים שפריר אסיסט,even quarter-2 key-ast sp-vertical-timeline-minute sp-vertical-timeline-minute-home home_event_minute,6. ים שפריר אסיסט רבע 2 04:13 34-37
רבע 2,04:13,34-37,home,9. עמרי שלף קליעה 3 נק׳ (jumpshot),odd quarter-2 key-threepm sp-vertical-timeline-minute sp-vertical-timeline-minute-home home_event_minute,9. עמרי שלף קליעה 3 נק׳ (jumpshot) רבע 2 04:13 34-37
רבע 2,04:13,34-34,home,5. קינדל היל ריבאונד התקפה,odd quarter-2 key-off sp-vertical-timeline-minute sp-vertical-timeline-minute-home home_event_minute,5. קינדל היל ריבאונד התקפה רבע 2 04:13 34-34
רבע 2,04:18,34-34,home,33. עילי שאול החטיא 2 נק׳ (layup),even quarter-2 key-fga sp-vertical-timeline-minute sp-vertical-timeline-minute-home home_event_minute,33. עילי שאול החטיא 2 נק׳ (layup) רבע 2 04:18 34-34
רבע 2,04:32,34-34,home,9. עמרי שלף ריבאונד הגנה,odd quarter-2 key-def sp-vertical-timeline-minute sp-vertical-timeline-minute-home home_event_minute,9. עמרי שלף ריבאונד הגנה רבע 2 04:32 34-34
רבע 2,04:36,34-34,away,9. עמית ראובן החטיא 3 נק׳ (jumpshot),even quarter-2 key-threepa sp-vertical-timeline-minute sp-vertical-timeline-minute-away away_event_minute,רבע 2 04:36 34-34 9. עמית ראובן החטיא 3 נק׳ (jumpshot)
רבע 2,04:43,34-34,home,9. עמרי שלף קליעה 3 נק׳ (jumpshot),odd quarter-2 key-threepm sp-vertical-timeline-minute sp-vertical-timeline-minute-home home_event_minute,9. עמרי שלף קליעה 3 נק׳ (jumpshot) רבע 2 04:43 34-34
רבע 2,04:57,34-31,away,3. רוברט טרנר אסיסט,even quarter-2 key-ast sp-vertical-timeline-minute sp-vertical-timeline-minute-away away_event_minute,רבע 2 04:57 34-31 3. רוברט טרנר אסיסט
רבע 2,04:57,34-31,away,77. דווייט וילסון קליעה 2 נק׳ (layup),odd quarter-2 key-fgm sp-vertical-timeline-minute sp-vertical-timeline-minute-away away_event_minute,רבע 2 04:57 34-31 77. דווייט וילסון קליעה 2 נק׳ (layup)
רבע 2,05:13,32-31,away,6. אמרי שביט ריבאונד הגנה,even quarter-2 key-def sp-vertical-timeline-minute sp-vertical-timeline-minute-away away_event_minute,רבע 2 05:13 32-31 6. אמרי שביט ריבאונד הגנה
רבע 2,05:13,32-31,home,33. עילי שאול זריקת עונשין (2of2),even quarter-2 key-fta sp-vertical-timeline-minute sp-vertical-timeline-minute-home home_event_minute,33. עילי שאול זריקת עונשין (2of2) רבע 2 05:13 32-31
רבע 2,05:13,32-31,home,33. עילי שאול קליעת עונשין (1of2),odd quarter-2 key-ftm sp-vertical-timeline-minute sp-vertical-timeline-minute-home home_event_minute,33. עילי שאול קליעת עונשין (1of2) רבע 2 05:13 32-31
רבע 2,05:13,32-30,home,33. עילי שאול סחט עבירה,even quarter-2 key-pfa sp-vertical-timeline-minute sp-vertical-timeline-minute-home home_event_minute,33. עילי שאול סחט עבירה רבע 2 05:13 32-30
רבע 2,05:13,32-30,away,3. רוברט טרנר עבירה אישית (personal),odd quarter-2 key-pf sp-vertical-timeline-minute sp-vertical-timeline-minute-away away_event_minute,רבע 2 05:13 32-30 3. רוברט טרנר עבירה אישית (personal)
רבע 2,05:33,32-30,away,9. עמית ראובן אסיסט,odd quarter-2 key-ast sp-vertical-timeline-minute sp-vertical-timeline-minute-away away_event_minute,רבע 2 05:33 32-30 9. עמית ראובן אסיסט
רבע 2,05:33,32-30,away,32. בן גולד קליעה 3 נק׳ (jumpshot),even quarter-2 key-threepm sp-vertical-timeline-minute sp-vertical-timeline-minute-away away_event_minute,רבע 2 05:33 32-30 32. בן גולד קליעה 3 נק׳ (jumpshot)
רבע 2,05:48,29-30,home,7. גל שטרנברג אסיסט,odd quarter-2 key-ast sp-vertical-timeline-minute sp-vertical-timeline-minute-home home_event_minute,7. גל שטרנברג אסיסט רבע 2 05:48 29-30
רבע 2,05:48,29-30,home,5. קינדל היל קליעה 2 נק׳ (layup),even quarter-2 key-fgm sp-vertical-timeline-minute sp-vertical-timeline-minute-home home_event_minute,5. קינדל היל קליעה 2 נק׳ (layup) רבע 2 05:48 29-30
רבע 2,05:56,29-28,away,77. דווייט וילסון קליעה 2 נק׳ (tipinlayup),odd quarter-2 key-fgm sp-vertical-timeline-minute sp-vertical-timeline-minute-away away_event_minute,רבע 2 05:56 29-28 77. דווייט וילסון קליעה 2 נק׳ (tipinlayup)
רבע 2,06:05,27-28,away,77. דווייט וילסון ריבאונד התקפה,even quarter-2 key-off sp-vertical-timeline-minute sp-vertical-timeline-minute-away away_event_minute,רבע 2 06:05 27-28 77. דווייט וילסון ריבאונד התקפה
רבע 2,06:08,27-28,away,77. דווייט וילסון החטיא 2 נק׳ (tipinlayup),odd quarter-2 key-fga sp-vertical-timeline-minute sp-vertical-timeline-minute-away away_event_minute,רבע 2 06:08 27-28 77. דווייט וילסון החטיא 2 נק׳ (tipinlayup)
רבע 2,06:08,27-28,away,77. דווייט וילסון ריבאונד התקפה,even quarter-2 key-off sp-vertical-timeline-minute sp-vertical-timeline-minute-away away_event_minute,רבע 2 06:08 27-28 77. דווייט וילסון ריבאונד התקפה
רבע 2,06:15,27-28,away,77. דווייט וילסון החטיא 2 נק׳ (layup),odd quarter-2 key-fga sp-vertical-timeline-minute sp-vertical-timeline-minute-away away_event_minute,רבע 2 06:15 27-28 77. דווייט וילסון החטיא 2 נק׳ (layup)
רבע 2,06:22,27-28,away,6. אמרי שביט ריבאונד הגנה,even quarter-2 key-def sp-vertical-timeline-minute sp-vertical-timeline-minute-away away_event_minute,רבע 2 06:22 27-28 6. אמרי שביט ריבאונד הגנה
רבע 2,06:25,27-28,home,9. עמרי שלף החטיא 3 נק׳ (jumpshot),odd quarter-2 key-threepa sp-vertical-timeline-minute sp-vertical-timeline-minute-home home_event_minute,9. עמרי שלף החטיא 3 נק׳ (jumpshot) רבע 2 06:25 27-28
רבע 2,06:37,27-28,away,77. דווייט וילסון קליעת עונשין (1of1),odd quarter-2 key-ftm sp-vertical-timeline-minute sp-vertical-timeline-minute-away away_event_minute,רבע 2 06:37 27-28 77. דווייט וילסון קליעת עונשין (1of1)
רבע 2,06:37,26-28,home,33. עילי שאול שחקן נכנס למשחק,even quarter-2 key-sub-in sp-vertical-timeline-minute sp-vertical-timeline-minute-home home_event_minute,33. עילי שאול שחקן נכנס למשחק רבע 2 06:37 26-28
רבע 2,06:37,26-28,home,7. גל שטרנברג שחקן נכנס למשחק,odd quarter-2 key-sub-in sp-vertical-timeline-minute sp-vertical-timeline-minute-home home_event_minute,7. גל שטרנברג שחקן נכנס למשחק רבע 2 06:37 26-28
רבע 2,06:37,26-28,home,16. אוהד דקל שחקן יוצא מהמגרש,even quarter-2 key-sub-out sp-vertical-timeline-minute sp-vertical-timeline-minute-home home_event_minute,16. אוהד דקל שחקן יוצא מהמגרש רבע 2 06:37 26-28
רבע 2,06:37,26-28,home,15. יונתן קלר שחקן יוצא מהמגרש,odd quarter-2 key-sub-out sp-vertical-timeline-minute sp-vertical-timeline-minute-home home_event_minute,15. יונתן קלר שחקן יוצא מהמגרש רבע 2 06:37 26-28
רבע 2,06:37,26-28,home,מ.כ עוטף דרום פסק זמן,even quarter-2 key-tmo sp-vertical-timeline-minute sp-vertical-timeline-minute-home home_event_minute,מ.כ עוטף דרום פסק זמן רבע 2 06:37 26-28
רבע 2,06:37,26-28,away,77. דווייט וילסון סחט עבירה,odd quarter-2 key-pfa sp-vertical-timeline-minute sp-vertical-timeline-minute-away away_event_minute,רבע 2 06:37 26-28 77. דווייט וילסון סחט עבירה
רבע 2,06:37,26-28,home,16. אוהד דקל עבירה אישית (personal),even quarter-2 key-pf sp-vertical-timeline-minute sp-vertical-timeline-minute-home home_event_minute,16. אוהד דקל עבירה אישית (personal) רבע 2 06:37 26-28
רבע 2,06:37,26-28,away,9. עמית ראובן אסיסט,odd quarter-2 key-ast sp-vertical-timeline-minute sp-vertical-timeline-minute-away away_event_minute,רבע 2 06:37 26-28 9. עמית ראובן אסיסט
רבע 2,06:37,26-28,away,77. דווייט וילסון קליעה 2 נק׳ (layup),even quarter-2 key-fgm sp-vertical-timeline-minute sp-vertical-timeline-minute-away away_event_minute,רבע 2 06:37 26-28 77. דווייט וילסון קליעה 2 נק׳ (layup)
רבע 2,06:44,24-28,away,77. דווייט וילסון ריבאונד הגנה,even quarter-2 key-def sp-vertical-timeline-minute sp-vertical-timeline-minute-away away_event_minute,רבע 2 06:44 24-28 77. דווייט וילסון ריבאונד הגנה
רבע 2,06:48,24-28,home,16. אוהד דקל החטיא 3 נק׳ (jumpshot),odd quarter-2 key-threepa sp-vertical-timeline-minute sp-vertical-timeline-minute-home home_event_minute,16. אוהד דקל החטיא 3 נק׳ (jumpshot) רבע 2 06:48 24-28
רבע 2,07:09,24-28,away,9. עמית ראובן אסיסט,even quarter-2 key-ast sp-vertical-timeline-minute sp-vertical-timeline-minute-away away_event_minute,רבע 2 07:09 24-28 9. עמית ראובן אסיסט
רבע 2,07:09,24-28,away,6. אמרי שביט קליעה 2 נק׳ (layup),odd quarter-2 key-fgm sp-vertical-timeline-minute sp-vertical-timeline-minute-away away_event_minute,רבע 2 07:09 24-28 6. אמרי שביט קליעה 2 נק׳ (layup)
רבע 2,07:21,22-28,home,9. עמרי שלף שחקן נכנס למשחק,odd quarter-2 key-sub-in sp-vertical-timeline-minute sp-vertical-timeline-minute-home home_event_minute,9. עמרי שלף שחקן נכנס למשחק רבע 2 07:21 22-28
רבע 2,07:21,22-28,home,23. נבו זומרפלד שחקן יוצא מהמגרש,even quarter-2 key-sub-out sp-vertical-timeline-minute sp-vertical-timeline-minute-home home_event_minute,23. נבו זומרפלד שחקן יוצא מהמגרש רבע 2 07:21 22-28
רבע 2,07:21,22-28,away,9. עמית ראובן סחט עבירה,odd quarter-2 key-pfa sp-vertical-timeline-minute sp-vertical-timeline-minute-away away_event_minute,רבע 2 07:21 22-28 9. עמית ראובן סחט עבירה
רבע 2,07:21,22-28,home,6. ים שפריר עבירה אישית (personal),even quarter-2 key-pf sp-vertical-timeline-minute sp-vertical-timeline-minute-home home_event_minute,6. ים שפריר עבירה אישית (personal) רבע 2 07:21 22-28
רבע 2,07:22,22-28,away,32. בן גולד ריבאונד הגנה,even quarter-2 key-def sp-vertical-timeline-minute sp-vertical-timeline-minute-away away_event_minute,רבע 2 07:22 22-28 32. בן גולד ריבאונד הגנה
רבע 2,07:27,22-28,home,6. ים שפריר החטיא 3 נק׳ (jumpshot),odd quarter-2 key-threepa sp-vertical-timeline-minute sp-vertical-timeline-minute-home home_event_minute,6. ים שפריר החטיא 3 נק׳ (jumpshot) רבע 2 07:27 22-28
רבע 2,07:35,22-28,away,32. בן גולד שחקן נכנס למשחק,odd quarter-2 key-sub-in sp-vertical-timeline-minute sp-vertical-timeline-minute-away away_event_minute,רבע 2 07:35 22-28 32. בן גולד שחקן נכנס למשחק
רבע 2,07:35,22-28,away,11. בר שינבוים שחקן יוצא מהמגרש,even quarter-2 key-sub-out sp-vertical-timeline-minute sp-vertical-timeline-minute-away away_event_minute,רבע 2 07:35 22-28 11. בר שינבוים שחקן יוצא מהמגרש
רבע 2,07:35,22-28,away,3. רוברט טרנר איבוד כדור,odd quarter-2 key-to sp-vertical-timeline-minute sp-vertical-timeline-minute-away away_event_minute,רבע 2 07:35 22-28 3. רוברט טרנר איבוד כדור
רבע 2,08:02,22-28,home,15. יונתן קלר אסיסט,odd quarter-2 key-ast sp-vertical-timeline-minute sp-vertical-timeline-minute-home home_event_minute,15. יונתן קלר אסיסט רבע 2 08:02 22-28
רבע 2,08:02,22-28,home,6. ים שפריר קליעה 3 נק׳ (jumpshot),even quarter-2 key-threepm sp-vertical-timeline-minute sp-vertical-timeline-minute-home home_event_minute,6. ים שפריר קליעה 3 נק׳ (jumpshot) רבע 2 08:02 22-28
רבע 2,08:20,22-25,home,15. יונתן קלר ריבאונד הגנה,odd quarter-2 key-def sp-vertical-timeline-minute sp-vertical-timeline-minute-home home_event_minute,15. יונתן קלר ריבאונד הגנה רבע 2 08:20 22-25
רבע 2,08:24,22-25,away,3. רוברט טרנר החטיא 3 נק׳ (jumpshot),even quarter-2 key-threepa sp-vertical-timeline-minute sp-vertical-timeline-minute-away away_event_minute,רבע 2 08:24 22-25 3. רוברט טרנר החטיא 3 נק׳ (jumpshot)
רבע 2,08:28,22-25,away,11. בר שינבוים ריבאונד התקפה,odd quarter-2 key-off sp-vertical-timeline-minute sp-vertical-timeline-minute-away away_event_minute,רבע 2 08:28 22-25 11. בר שינבוים ריבאונד התקפה
רבע 2,08:34,22-25,away,9. עמית ראובן החטיא 3 נק׳ (jumpshot),even quarter-2 key-threepa sp-vertical-timeline-minute sp-vertical-timeline-minute-away away_event_minute,רבע 2 08:34 22-25 9. עמית ראובן החטיא 3 נק׳ (jumpshot)
רבע 2,08:52,22-25,home,15. יונתן קלר איבוד כדור,odd quarter-2 key-to sp-vertical-timeline-minute sp-vertical-timeline-minute-home home_event_minute,15. יונתן קלר איבוד כדור רבע 2 08:52 22-25
רבע 2,09:02,22-25,home,15. יונתן קלר ריבאונד הגנה,odd quarter-2 key-def sp-vertical-timeline-minute sp-vertical-timeline-minute-home home_event_minute,15. יונתן קלר ריבאונד הגנה רבע 2 09:02 22-25
רבע 2,09:08,22-25,away,3. רוברט טרנר החטיא 2 נק׳ (layup),even quarter-2 key-fga sp-vertical-timeline-minute sp-vertical-timeline-minute-away away_event_minute,רבע 2 09:08 22-25 3. רוברט טרנר החטיא 2 נק׳ (layup)
רבע 2,09:13,22-25,away,3. רוברט טרנר חטיפה,odd quarter-2 key-stl sp-vertical-timeline-minute sp-vertical-timeline-minute-away away_event_minute,רבע 2 09:13 22-25 3. רוברט טרנר חטיפה
רבע 2,09:13,22-25,home,23. נבו זומרפלד איבוד כדור,even quarter-2 key-to sp-vertical-timeline-minute sp-vertical-timeline-minute-home home_event_minute,23. נבו זומרפלד איבוד כדור רבע 2 09:13 22-25
רבע 2,09:19,22-25,away,77. דווייט וילסון שחקן נכנס למשחק,even quarter-2 key-sub-in sp-vertical-timeline-minute sp-vertical-timeline-minute-away away_event_minute,רבע 2 09:19 22-25 77. דווייט וילסון שחקן נכנס למשחק
רבע 2,09:19,22-25,away,9. עמית ראובן שחקן נכנס למשחק,odd quarter-2 key-sub-in sp-vertical-timeline-minute sp-vertical-timeline-minute-away away_event_minute,רבע 2 09:19 22-25 9. עמית ראובן שחקן נכנס למשחק
רבע 2,09:19,22-25,away,7. רביב פיטשון שחקן יוצא מהמגרש,even quarter-2 key-sub-out sp-vertical-timeline-minute sp-vertical-timeline-minute-away away_event_minute,רבע 2 09:19 22-25 7. רביב פיטשון שחקן יוצא מהמגרש
רבע 2,09:19,22-25,away,4. שחר שלמון שחקן יוצא מהמגרש,odd quarter-2 key-sub-out sp-vertical-timeline-minute sp-vertical-timeline-minute-away away_event_minute,רבע 2 09:19 22-25 4. שחר שלמון שחקן יוצא מהמגרש
רבע 2,09:25,22-25,home,16. אוהד דקל חטיפה,odd quarter-2 key-stl sp-vertical-timeline-minute sp-vertical-timeline-minute-home home_event_minute,16. אוהד דקל חטיפה רבע 2 09:25 22-25
רבע 2,09:25,22-25,away,7. רביב פיטשון איבוד כדור,even quarter-2 key-to sp-vertical-timeline-minute sp-vertical-timeline-minute-away away_event_minute,רבע 2 09:25 22-25 7. רביב פיטשון איבוד כדור
רבע 2,09:49,22-25,home,15. יונתן קלר אסיסט,odd quarter-2 key-ast sp-vertical-timeline-minute sp-vertical-timeline-minute-home home_event_minute,15. יונתן קלר אסיסט רבע 2 09:49 22-25
רבע 2,09:49,22-25,home,5. קינדל היל קליעה 3 נק׳ (jumpshot),even quarter-2 key-threepm sp-vertical-timeline-minute sp-vertical-timeline-minute-home home_event_minute,5. קינדל היל קליעה 3 נק׳ (jumpshot) רבע 2 09:49 22-25
רבע 2,10:00,22-22,away,3. רוברט טרנר שחקן נכנס למשחק,odd quarter-2 key-sub-in sp-vertical-timeline-minute sp-vertical-timeline-minute-away away_event_minute,רבע 2 10:00 22-22 3. רוברט טרנר שחקן נכנס למשחק
רבע 2,10:00,22-22,away,21. נועם יעקובי שחקן יוצא מהמגרש,even quarter-2 key-sub-out sp-vertical-timeline-minute sp-vertical-timeline-minute-away away_event_minute,רבע 2 10:00 22-22 21. נועם יעקובי שחקן יוצא מהמגרש
רבע 2,10:00,22-22,home,5. קינדל היל שחקן נכנס למשחק,odd quarter-2 key-sub-in sp-vertical-timeline-minute sp-vertical-timeline-minute-home home_event_minute,5. קינדל היל שחקן נכנס למשחק רבע 2 10:00 22-22
רבע 2,10:00,22-22,home,18. ליעד משען שחקן יוצא מהמגרש,even quarter-2 key-sub-out sp-vertical-timeline-minute sp-vertical-timeline-minute-home home_event_minute,18. ליעד משען שחקן יוצא מהמגרש רבע 2 10:00 22-22
רבע 1,00:03,22-22,home,6. ים שפריר ריבאונד הגנה,even quarter-1 key-def sp-vertical-timeline-minute sp-vertical-timeline-minute-home home_event_minute,6. ים שפריר ריבאונד הגנה רבע 1 00:03 22-22
רבע 1,00:03,22-22,away,21. נועם יעקובי החטיא 2 נק׳ (layup),odd quarter-1 key-fga sp-vertical-timeline-minute sp-vertical-timeline-minute-away away_event_minute,רבע 1 00:03 22-22 21. נועם יעקובי החטיא 2 נק׳ (layup)
רבע 1,00:18,22-22,home,23. נבו זומרפלד אסיסט,odd quarter-1 key-ast sp-vertical-timeline-minute sp-vertical-timeline-minute-home home_event_minute,23. נבו זומרפלד אסיסט רבע 1 00:18 22-22
רבע 1,00:18,22-22,home,15. יונתן קלר קליעה 2 נק׳ (layup),even quarter-1 key-fgm sp-vertical-timeline-minute sp-vertical-timeline-minute-home home_event_minute,15. יונתן קלר קליעה 2 נק׳ (layup) רבע 1 00:18 22-22
רבע 1,00:36,22-20,away,6. אמרי שביט שחקן נכנס למשחק,even quarter-1 key-sub-in sp-vertical-timeline-minute sp-vertical-timeline-minute-away away_event_minute,רבע 1 00:36 22-20 6. אמרי שביט שחקן נכנס למשחק
רבע 1,00:36,22-20,away,3. רוברט טרנר שחקן יוצא מהמגרש,odd quarter-1 key-sub-out sp-vertical-timeline-minute sp-vertical-timeline-minute-away away_event_minute,רבע 1 00:36 22-20 3. רוברט טרנר שחקן יוצא מהמגרש
רבע 1,00:36,22-20,away,3. רוברט טרנר קליעת עונשין (1of1),even quarter-1 key-ftm sp-vertical-timeline-minute sp-vertical-timeline-minute-away away_event_minute,רבע 1 00:36 22-20 3. רוברט טרנר קליעת עונשין (1of1)
רבע 1,00:36,21-20,away,3. רוברט טרנר סחט עבירה,odd quarter-1 key-pfa sp-vertical-timeline-minute sp-vertical-timeline-minute-away away_event_minute,רבע 1 00:36 21-20 3. רוברט טרנר סחט עבירה
רבע 1,00:36,21-20,home,15. יונתן קלר עבירה אישית (personal),even quarter-1 key-pf sp-vertical-timeline-minute sp-vertical-timeline-minute-home home_event_minute,15. יונתן קלר עבירה אישית (personal) רבע 1 00:36 21-20
רבע 1,00:36,21-20,away,3. רוברט טרנר קליעה 2 נק׳ (layup),odd quarter-1 key-fgm sp-vertical-timeline-minute sp-vertical-timeline-minute-away away_event_minute,רבע 1 00:36 21-20 3. רוברט טרנר קליעה 2 נק׳ (layup)
רבע 1,00:39,19-20,away,21. נועם יעקובי ריבאונד הגנה,odd quarter-1 key-def sp-vertical-timeline-minute sp-vertical-timeline-minute-away away_event_minute,רבע 1 00:39 19-20 21. נועם יעקובי ריבאונד הגנה
רבע 1,00:44,19-20,home,15. יונתן קלר החטיא 3 נק׳ (jumpshot),even quarter-1 key-threepa sp-vertical-timeline-minute sp-vertical-timeline-minute-home home_event_minute,15. יונתן קלר החטיא 3 נק׳ (jumpshot) רבע 1 00:44 19-20
רבע 1,01:05,19-20,away,4. שחר שלמון אסיסט,odd quarter-1 key-ast sp-vertical-timeline-minute sp-vertical-timeline-minute-away away_event_minute,רבע 1 01:05 19-20 4. שחר שלמון אסיסט
רבע 1,01:05,19-20,away,11. בר שינבוים קליעה 3 נק׳ (jumpshot),even quarter-1 key-threepm sp-vertical-timeline-minute sp-vertical-timeline-minute-away away_event_minute,רבע 1 01:05 19-20 11. בר שינבוים קליעה 3 נק׳ (jumpshot)
רבע 1,01:14,16-20,away,3. רוברט טרנר ריבאונד הגנה,odd quarter-1 key-def sp-vertical-timeline-minute sp-vertical-timeline-minute-away away_event_minute,רבע 1 01:14 16-20 3. רוברט טרנר ריבאונד הגנה
רבע 1,01:18,16-20,home,23. נבו זומרפלד החטיא 3 נק׳ (jumpshot),even quarter-1 key-threepa sp-vertical-timeline-minute sp-vertical-timeline-minute-home home_event_minute,23. נבו זומרפלד החטיא 3 נק׳ (jumpshot) רבע 1 01:18 16-20
רבע 1,01:25,16-20,home,23. נבו זומרפלד סחט עבירה,even quarter-1 key-pfa sp-vertical-timeline-minute sp-vertical-timeline-minute-home home_event_minute,23. נבו זומרפלד סחט עבירה רבע 1 01:25 16-20
רבע 1,01:25,16-20,away,21. נועם יעקובי עבירה אישית (personal),odd quarter-1 key-pf sp-vertical-timeline-minute sp-vertical-timeline-minute-away away_event_minute,רבע 1 01:25 16-20 21. נועם יעקובי עבירה אישית (personal)
רבע 1,01:35,16-20,away,7. רביב פיטשון קליעה 3 נק׳ (jumpshot),even quarter-1 key-threepm sp-vertical-timeline-minute sp-vertical-timeline-minute-away away_event_minute,רבע 1 01:35 16-20 7. רביב פיטשון קליעה 3 נק׳ (jumpshot)
רבע 1,01:47,13-20,away,21. נועם יעקובי סחט עבירה,even quarter-1 key-pfa sp-vertical-timeline-minute sp-vertical-timeline-minute-away away_event_minute,רבע 1 01:47 13-20 21. נועם יעקובי סחט עבירה
רבע 1,01:47,13-20,home,16. אוהד דקל איבוד כדור,odd quarter-1 key-to sp-vertical-timeline-minute sp-vertical-timeline-minute-home home_event_minute,16. אוהד דקל איבוד כדור רבע 1 01:47 13-20
רבע 1,01:47,13-20,home,16. אוהד דקל עבירה אישית (offensive),even quarter-1 key-pf sp-vertical-timeline-minute sp-vertical-timeline-minute-home home_event_minute,16. אוהד דקל עבירה אישית (offensive) רבע 1 01:47 13-20
רבע 1,01:50,13-20,home,18. ליעד משען שחקן נכנס למשחק,odd quarter-1 key-sub-in sp-vertical-timeline-minute sp-vertical-timeline-minute-home home_event_minute,18. ליעד משען שחקן נכנס למשחק רבע 1 01:50 13-20
רבע 1,01:50,13-20,home,15. יונתן קלר שחקן נכנס למשחק,even quarter-1 key-sub-in sp-vertical-timeline-minute sp-vertical-timeline-minute-home home_event_minute,15. יונתן קלר שחקן נכנס למשחק רבע 1 01:50 13-20
רבע 1,01:50,13-20,home,33. עילי שאול שחקן יוצא מהמגרש,odd quarter-1 key-sub-out sp-vertical-timeline-minute sp-vertical-timeline-minute-home home_event_minute,33. עילי שאול שחקן יוצא מהמגרש רבע 1 01:50 13-20
רבע 1,01:50,13-20,home,7. גל שטרנברג שחקן יוצא מהמגרש,even quarter-1 key-sub-out sp-vertical-timeline-minute sp-vertical-timeline-minute-home home_event_minute,7. גל שטרנברג שחקן יוצא מהמגרש רבע 1 01:50 13-20
רבע 1,01:57,13-20,home,7. גל שטרנברג ריבאונד הגנה,even quarter-1 key-def sp-vertical-timeline-minute sp-vertical-timeline-minute-home home_event_minute,7. גל שטרנברג ריבאונד הגנה רבע 1 01:57 13-20
רבע 1,02:00,13-20,away,21. נועם יעקובי החטיא 3 נק׳ (jumpshot),odd quarter-1 key-threepa sp-vertical-timeline-minute sp-vertical-timeline-minute-away away_event_minute,רבע 1 02:00 13-20 21. נועם יעקובי החטיא 3 נק׳ (jumpshot)
רבע 1,02:10,13-20,away,3. רוברט טרנר סחט עבירה,odd quarter-1 key-pfa sp-vertical-timeline-minute sp-vertical-timeline-minute-away away_event_minute,רבע 1 02:10 13-20 3. רוברט טרנר סחט עבירה
רבע 1,02:10,13-20,home,7. גל שטרנברג עבירה אישית (personal),even quarter-1 key-pf sp-vertical-timeline-minute sp-vertical-timeline-minute-home home_event_minute,7. גל שטרנברג עבירה אישית (personal) רבע 1 02:10 13-20
רבע 1,02:11,13-20,away,3. רוברט טרנר סחט עבירה,odd quarter-1 key-pfa sp-vertical-timeline-minute sp-vertical-timeline-minute-away away_event_minute,רבע 1 02:11 13-20 3. רוברט טרנר סחט עבירה
רבע 1,02:11,13-20,home,23. נבו זומרפלד עבירה אישית (personal),even quarter-1 key-pf sp-vertical-timeline-minute sp-vertical-timeline-minute-home home_event_minute,23. נבו זומרפלד עבירה אישית (personal) רבע 1 02:11 13-20
רבע 1,02:16,13-20,away,11. בר שינבוים שחקן נכנס למשחק,odd quarter-1 key-sub-in sp-vertical-timeline-minute sp-vertical-timeline-minute-away away_event_minute,רבע 1 02:16 13-20 11. בר שינבוים שחקן נכנס למשחק
רבע 1,02:16,13-20,away,6. אמרי שביט שחקן יוצא מהמגרש,even quarter-1 key-sub-out sp-vertical-timeline-minute sp-vertical-timeline-minute-away away_event_minute,רבע 1 02:16 13-20 6. אמרי שביט שחקן יוצא מהמגרש
רבע 1,02:16,13-20,home,16. אוהד דקל שחקן נכנס למשחק,odd quarter-1 key-sub-in sp-vertical-timeline-minute sp-vertical-timeline-minute-home home_event_minute,16. אוהד דקל שחקן נכנס למשחק רבע 1 02:16 13-20
רבע 1,02:16,13-20,home,5. קינדל היל שחקן יוצא מהמגרש,even quarter-1 key-sub-out sp-vertical-timeline-minute sp-vertical-timeline-minute-home home_event_minute,5. קינדל היל שחקן יוצא מהמגרש רבע 1 02:16 13-20
רבע 1,02:16,13-20,away,מכבי אשדוד פסק זמן,odd quarter-1 key-tmo sp-vertical-timeline-minute sp-vertical-timeline-minute-away away_event_minute,רבע 1 02:16 13-20 מכבי אשדוד פסק זמן
רבע 1,02:20,13-20,home,23. נבו זומרפלד אסיסט,odd quarter-1 key-ast sp-vertical-timeline-minute sp-vertical-timeline-minute-home home_event_minute,23. נבו זומרפלד אסיסט רבע 1 02:20 13-20
רבע 1,02:20,13-20,home,7. גל שטרנברג קליעה 3 נק׳ (jumpshot),even quarter-1 key-threepm sp-vertical-timeline-minute sp-vertical-timeline-minute-home home_event_minute,7. גל שטרנברג קליעה 3 נק׳ (jumpshot) רבע 1 02:20 13-20
רבע 1,02:38,13-17,away,21. נועם יעקובי איבוד כדור,even quarter-1 key-to sp-vertical-timeline-minute sp-vertical-timeline-minute-away away_event_minute,רבע 1 02:38 13-17 21. נועם יעקובי איבוד כדור
רבע 1,02:44,13-17,away,מכבי אשדוד ריבאונד התקפה,odd quarter-1 key-off sp-vertical-timeline-minute sp-vertical-timeline-minute-away away_event_minute,רבע 1 02:44 13-17 מכבי אשדוד ריבאונד התקפה
רבע 1,02:45,13-17,away,3. רוברט טרנר החטיא 2 נק׳ (jumpshot),even quarter-1 key-fga sp-vertical-timeline-minute sp-vertical-timeline-minute-away away_event_minute,רבע 1 02:45 13-17 3. רוברט טרנר החטיא 2 נק׳ (jumpshot)
רבע 1,03:00,13-17,home,33. עילי שאול אסיסט,even quarter-1 key-ast sp-vertical-timeline-minute sp-vertical-timeline-minute-home home_event_minute,33. עילי שאול אסיסט רבע 1 03:00 13-17
רבע 1,03:00,13-17,home,5. קינדל היל קליעה 2 נק׳ (layup),odd quarter-1 key-fgm sp-vertical-timeline-minute sp-vertical-timeline-minute-home home_event_minute,5. קינדל היל קליעה 2 נק׳ (layup) רבע 1 03:00 13-17
רבע 1,03:12,13-15,away,21. נועם יעקובי שחקן נכנס למשחק,odd quarter-1 key-sub-in sp-vertical-timeline-minute sp-vertical-timeline-minute-away away_event_minute,רבע 1 03:12 13-15 21. נועם יעקובי שחקן נכנס למשחק
רבע 1,03:12,13-15,away,9. עמית ראובן שחקן יוצא מהמגרש,even quarter-1 key-sub-out sp-vertical-timeline-minute sp-vertical-timeline-minute-away away_event_minute,רבע 1 03:12 13-15 9. עמית ראובן שחקן יוצא מהמגרש
רבע 1,03:12,13-15,home,23. נבו זומרפלד שחקן נכנס למשחק,odd quarter-1 key-sub-in sp-vertical-timeline-minute sp-vertical-timeline-minute-home home_event_minute,23. נבו זומרפלד שחקן נכנס למשחק רבע 1 03:12 13-15
רבע 1,03:12,13-15,home,9. עמרי שלף שחקן יוצא מהמגרש,even quarter-1 key-sub-out sp-vertical-timeline-minute sp-vertical-timeline-minute-home home_event_minute,9. עמרי שלף שחקן יוצא מהמגרש רבע 1 03:12 13-15
רבע 1,03:12,13-15,home,5. קינדל היל סחט עבירה,odd quarter-1 key-pfa sp-vertical-timeline-minute sp-vertical-timeline-minute-home home_event_minute,5. קינדל היל סחט עבירה רבע 1 03:12 13-15
רבע 1,03:12,13-15,away,9. עמית ראובן עבירה אישית (personal),even quarter-1 key-pf sp-vertical-timeline-minute sp-vertical-timeline-minute-away away_event_minute,רבע 1 03:12 13-15 9. עמית ראובן עבירה אישית (personal)
רבע 1,03:23,13-15,home,9. עמרי שלף ריבאונד הגנה,even quarter-1 key-def sp-vertical-timeline-minute sp-vertical-timeline-minute-home home_event_minute,9. עמרי שלף ריבאונד הגנה רבע 1 03:23 13-15
רבע 1,03:26,13-15,away,9. עמית ראובן החטיא 3 נק׳ (jumpshot),odd quarter-1 key-threepa sp-vertical-timeline-minute sp-vertical-timeline-minute-away away_event_minute,רבע 1 03:26 13-15 9. עמית ראובן החטיא 3 נק׳ (jumpshot)
רבע 1,03:35,13-15,home,7. גל שטרנברג אסיסט,even quarter-1 key-ast sp-vertical-timeline-minute sp-vertical-timeline-minute-home home_event_minute,7. גל שטרנברג אסיסט רבע 1 03:35 13-15
רבע 1,03:35,13-15,home,5. קינדל היל קליעה 2 נק׳ (layup),odd quarter-1 key-fgm sp-vertical-timeline-minute sp-vertical-timeline-minute-home home_event_minute,5. קינדל היל קליעה 2 נק׳ (layup) רבע 1 03:35 13-15
רבע 1,03:53,13-13,away,3. רוברט טרנר אסיסט,even quarter-1 key-ast sp-vertical-timeline-minute sp-vertical-timeline-minute-away away_event_minute,רבע 1 03:53 13-13 3. רוברט טרנר אסיסט
רבע 1,03:53,13-13,away,9. עמית ראובן קליעה 3 נק׳ (jumpshot),odd quarter-1 key-threepm sp-vertical-timeline-minute sp-vertical-timeline-minute-away away_event_minute,רבע 1 03:53 13-13 9. עמית ראובן קליעה 3 נק׳ (jumpshot)
רבע 1,04:05,10-13,home,7. גל שטרנברג קליעת עונשין (2of2),odd quarter-1 key-ftm sp-vertical-timeline-minute sp-vertical-timeline-minute-home home_event_minute,7. גל שטרנברג קליעת עונשין (2of2) רבע 1 04:05 10-13
רבע 1,04:05,10-12,home,33. עילי שאול אסיסט,even quarter-1 key-ast sp-vertical-timeline-minute sp-vertical-timeline-minute-home home_event_minute,33. עילי שאול אסיסט רבע 1 04:05 10-12
רבע 1,04:05,10-12,home,7. גל שטרנברג קליעת עונשין (1of2),odd quarter-1 key-ftm sp-vertical-timeline-minute sp-vertical-timeline-minute-home home_event_minute,7. גל שטרנברג קליעת עונשין (1of2) רבע 1 04:05 10-12
רבע 1,04:06,10-11,home,7. גל שטרנברג סחט עבירה,even quarter-1 key-pfa sp-vertical-timeline-minute sp-vertical-timeline-minute-home home_event_minute,7. גל שטרנברג סחט עבירה רבע 1 04:06 10-11
רבע 1,04:06,10-11,away,4. שחר שלמון עבירה אישית (personal),odd quarter-1 key-pf sp-vertical-timeline-minute sp-vertical-timeline-minute-away away_event_minute,רבע 1 04:06 10-11 4. שחר שלמון עבירה אישית (personal)
רבע 1,04:24,10-11,away,9. עמית ראובן קליעה 3 נק׳ (jumpshot),odd quarter-1 key-threepm sp-vertical-timeline-minute sp-vertical-timeline-minute-away away_event_minute,רבע 1 04:24 10-11 9. עמית ראובן קליעה 3 נק׳ (jumpshot)
רבע 1,04:30,7-11,away,7. רביב פיטשון ריבאונד הגנה,even quarter-1 key-def sp-vertical-timeline-minute sp-vertical-timeline-minute-away away_event_minute,רבע 1 04:30 7-11 7. רביב פיטשון ריבאונד הגנה
רבע 1,04:34,7-11,home,9. עמרי שלף החטיא 3 נק׳ (jumpshot),odd quarter-1 key-threepa sp-vertical-timeline-minute sp-vertical-timeline-minute-home home_event_minute,9. עמרי שלף החטיא 3 נק׳ (jumpshot) רבע 1 04:34 7-11
רבע 1,04:54,7-11,away,7. רביב פיטשון שחקן נכנס למשחק,odd quarter-1 key-sub-in sp-vertical-timeline-minute sp-vertical-timeline-minute-away away_event_minute,רבע 1 04:54 7-11 7. רביב פיטשון שחקן נכנס למשחק
רבע 1,04:54,7-11,away,77. דווייט וילסון שחקן יוצא מהמגרש,even quarter-1 key-sub-out sp-vertical-timeline-minute sp-vertical-timeline-minute-away away_event_minute,רבע 1 04:54 7-11 77. דווייט וילסון שחקן יוצא מהמגרש
רבע 1,04:54,7-11,away,77. דווייט וילסון איבוד כדור,odd quarter-1 key-to sp-vertical-timeline-minute sp-vertical-timeline-minute-away away_event_minute,רבע 1 04:54 7-11 77. דווייט וילסון איבוד כדור
רבע 1,05:01,7-11,away,77. דווייט וילסון ריבאונד הגנה,odd quarter-1 key-def sp-vertical-timeline-minute sp-vertical-timeline-minute-away away_event_minute,רבע 1 05:01 7-11 77. דווייט וילסון ריבאונד הגנה
רבע 1,05:05,7-11,home,9. עמרי שלף החטיא 2 נק׳ (layup),even quarter-1 key-fga sp-vertical-timeline-minute sp-vertical-timeline-minute-home home_event_minute,9. עמרי שלף החטיא 2 נק׳ (layup) רבע 1 05:05 7-11
רבע 1,05:23,7-11,home,7. גל שטרנברג ריבאונד הגנה,odd quarter-1 key-def sp-vertical-timeline-minute sp-vertical-timeline-minute-home home_event_minute,7. גל שטרנברג ריבאונד הגנה רבע 1 05:23 7-11
רבע 1,05:23,7-11,away,77. דווייט וילסון זריקת עונשין (2of2),odd quarter-1 key-fta sp-vertical-timeline-minute sp-vertical-timeline-minute-away away_event_minute,רבע 1 05:23 7-11 77. דווייט וילסון זריקת עונשין (2of2)
רבע 1,05:24,7-11,away,4. שחר שלמון שחקן נכנס למשחק,even quarter-1 key-sub-in sp-vertical-timeline-minute sp-vertical-timeline-minute-away away_event_minute,רבע 1 05:24 7-11 4. שחר שלמון שחקן נכנס למשחק
רבע 1,05:24,7-11,away,32. בן גולד שחקן יוצא מהמגרש,odd quarter-1 key-sub-out sp-vertical-timeline-minute sp-vertical-timeline-minute-away away_event_minute,רבע 1 05:24 7-11 32. בן גולד שחקן יוצא מהמגרש
רבע 1,05:23,7-11,away,77. דווייט וילסון זריקת עונשין (1of2),even quarter-1 key-fta sp-vertical-timeline-minute sp-vertical-timeline-minute-away away_event_minute,רבע 1 05:23 7-11 77. דווייט וילסון זריקת עונשין (1of2)
רבע 1,05:24,7-11,away,77. דווייט וילסון סחט עבירה,odd quarter-1 key-pfa sp-vertical-timeline-minute sp-vertical-timeline-minute-away away_event_minute,רבע 1 05:24 7-11 77. דווייט וילסון סחט עבירה
רבע 1,05:24,7-11,home,5. קינדל היל עבירה אישית (personal),even quarter-1 key-pf sp-vertical-timeline-minute sp-vertical-timeline-minute-home home_event_minute,5. קינדל היל עבירה אישית (personal) רבע 1 05:24 7-11
רבע 1,05:24,7-11,away,77. דווייט וילסון ריבאונד התקפה,odd quarter-1 key-off sp-vertical-timeline-minute sp-vertical-timeline-minute-away away_event_minute,רבע 1 05:24 7-11 77. דווייט וילסון ריבאונד התקפה
רבע 1,05:27,7-11,away,9. עמית ראובן החטיא 2 נק׳ (jumpshot),odd quarter-1 key-fga sp-vertical-timeline-minute sp-vertical-timeline-minute-away away_event_minute,רבע 1 05:27 7-11 9. עמית ראובן החטיא 2 נק׳ (jumpshot)
רבע 1,05:45,7-11,home,1. איתם כהן אסיסט,even quarter-1 key-ast sp-vertical-timeline-minute sp-vertical-timeline-minute-home home_event_minute,1. איתם כהן אסיסט רבע 1 05:45 7-11
רבע 1,05:45,7-11,home,7. גל שטרנברג קליעה 2 נק׳ (layup),odd quarter-1 key-fgm sp-vertical-timeline-minute sp-vertical-timeline-minute-home home_event_minute,7. גל שטרנברג קליעה 2 נק׳ (layup) רבע 1 05:45 7-11
רבע 1,05:53,7-9,home,1. איתם כהן חטיפה,even quarter-1 key-stl sp-vertical-timeline-minute sp-vertical-timeline-minute-home home_event_minute,1. איתם כהן חטיפה רבע 1 05:53 7-9
רבע 1,05:53,7-9,away,3. רוברט טרנר איבוד כדור,odd quarter-1 key-to sp-vertical-timeline-minute sp-vertical-timeline-minute-away away_event_minute,רבע 1 05:53 7-9 3. רוברט טרנר איבוד כדור
רבע 1,06:31,7-6,home,1. איתם כהן אסיסט,odd quarter-1 key-ast sp-vertical-timeline-minute sp-vertical-timeline-minute-home home_event_minute,1. איתם כהן אסיסט רבע 1 06:31 7-6
רבע 1,06:13,7-9,home,5. קינדל היל אסיסט,odd quarter-1 key-ast sp-vertical-timeline-minute sp-vertical-timeline-minute-home home_event_minute,5. קינדל היל אסיסט רבע 1 06:13 7-9
רבע 1,06:13,7-9,home,9. עמרי שלף קליעה 3 נק׳ (jumpshot),even quarter-1 key-threepm sp-vertical-timeline-minute sp-vertical-timeline-minute-home home_event_minute,9. עמרי שלף קליעה 3 נק׳ (jumpshot) רבע 1 06:13 7-9
רבע 1,06:15,7-6,home,5. קינדל היל ריבאונד הגנה,odd quarter-1 key-def sp-vertical-timeline-minute sp-vertical-timeline-minute-home home_event_minute,5. קינדל היל ריבאונד הגנה רבע 1 06:15 7-6
רבע 1,06:19,7-6,away,77. דווייט וילסון החטיא 2 נק׳ (layup),even quarter-1 key-fga sp-vertical-timeline-minute sp-vertical-timeline-minute-away away_event_minute,רבע 1 06:19 7-6 77. דווייט וילסון החטיא 2 נק׳ (layup)
רבע 1,06:31,7-6,home,33. עילי שאול קליעה 2 נק׳ (layup),odd quarter-1 key-fgm sp-vertical-timeline-minute sp-vertical-timeline-minute-home home_event_minute,33. עילי שאול קליעה 2 נק׳ (layup) רבע 1 06:31 7-6
רבע 1,06:36,7-4,home,33. עילי שאול חטיפה,even quarter-1 key-stl sp-vertical-timeline-minute sp-vertical-timeline-minute-home home_event_minute,33. עילי שאול חטיפה רבע 1 06:36 7-4
רבע 1,06:36,7-4,away,9. עמית ראובן איבוד כדור,odd quarter-1 key-to sp-vertical-timeline-minute sp-vertical-timeline-minute-away away_event_minute,רבע 1 06:36 7-4 9. עמית ראובן איבוד כדור
רבע 1,06:38,7-4,away,77. דווייט וילסון ריבאונד הגנה,even quarter-1 key-def sp-vertical-timeline-minute sp-vertical-timeline-minute-away away_event_minute,רבע 1 06:38 7-4 77. דווייט וילסון ריבאונד הגנה
רבע 1,06:43,7-4,home,5. קינדל היל החטיא 2 נק׳ (layup),odd quarter-1 key-fga sp-vertical-timeline-minute sp-vertical-timeline-minute-home home_event_minute,5. קינדל היל החטיא 2 נק׳ (layup) רבע 1 06:43 7-4
רבע 1,07:01,7-4,away,6. אמרי שביט אסיסט,even quarter-1 key-ast sp-vertical-timeline-minute sp-vertical-timeline-minute-away away_event_minute,רבע 1 07:01 7-4 6. אמרי שביט אסיסט
רבע 1,07:01,7-4,away,9. עמית ראובן קליעה 3 נק׳ (jumpshot),odd quarter-1 key-threepm sp-vertical-timeline-minute sp-vertical-timeline-minute-away away_event_minute,רבע 1 07:01 7-4 9. עמית ראובן קליעה 3 נק׳ (jumpshot)
רבע 1,07:06,4-4,away,6. אמרי שביט ריבאונד הגנה,even quarter-1 key-def sp-vertical-timeline-minute sp-vertical-timeline-minute-away away_event_minute,רבע 1 07:06 4-4 6. אמרי שביט ריבאונד הגנה
רבע 1,07:09,4-4,home,7. גל שטרנברג החטיא 3 נק׳ (jumpshot),odd quarter-1 key-threepa sp-vertical-timeline-minute sp-vertical-timeline-minute-home home_event_minute,7. גל שטרנברג החטיא 3 נק׳ (jumpshot) רבע 1 07:09 4-4
רבע 1,07:24,4-4,away,3. רוברט טרנר קליעה 2 נק׳ (jumpshot),even quarter-1 key-fgm sp-vertical-timeline-minute sp-vertical-timeline-minute-away away_event_minute,רבע 1 07:24 4-4 3. רוברט טרנר קליעה 2 נק׳ (jumpshot)
רבע 1,07:40,2-4,home,9. עמרי שלף קליעת עונשין (2of2),even quarter-1 key-ftm sp-vertical-timeline-minute sp-vertical-timeline-minute-home home_event_minute,9. עמרי שלף קליעת עונשין (2of2) רבע 1 07:40 2-4
רבע 1,07:40,2-3,home,9. עמרי שלף קליעת עונשין (1of2),odd quarter-1 key-ftm sp-vertical-timeline-minute sp-vertical-timeline-minute-home home_event_minute,9. עמרי שלף קליעת עונשין (1of2) רבע 1 07:40 2-3
רבע 1,07:40,2-2,home,9. עמרי שלף סחט עבירה,even quarter-1 key-pfa sp-vertical-timeline-minute sp-vertical-timeline-minute-home home_event_minute,9. עמרי שלף סחט עבירה רבע 1 07:40 2-2
רבע 1,07:40,2-2,away,32. בן גולד עבירה אישית (personal),odd quarter-1 key-pf sp-vertical-timeline-minute sp-vertical-timeline-minute-away away_event_minute,רבע 1 07:40 2-2 32. בן גולד עבירה אישית (personal)
רבע 1,07:46,2-2,home,1. איתם כהן חטיפה,even quarter-1 key-stl sp-vertical-timeline-minute sp-vertical-timeline-minute-home home_event_minute,1. איתם כהן חטיפה רבע 1 07:46 2-2
רבע 1,07:46,2-2,away,9. עמית ראובן איבוד כדור,even quarter-1 key-to sp-vertical-timeline-minute sp-vertical-timeline-minute-away away_event_minute,רבע 1 07:46 2-2 9. עמית ראובן איבוד כדור
רבע 1,07:52,2-2,away,9. עמית ראובן ריבאונד הגנה,odd quarter-1 key-def sp-vertical-timeline-minute sp-vertical-timeline-minute-away away_event_minute,רבע 1 07:52 2-2 9. עמית ראובן ריבאונד הגנה
רבע 1,07:58,2-2,home,1. איתם כהן החטיא 3 נק׳ (jumpshot),even quarter-1 key-threepa sp-vertical-timeline-minute sp-vertical-timeline-minute-home home_event_minute,1. איתם כהן החטיא 3 נק׳ (jumpshot) רבע 1 07:58 2-2
רבע 1,08:12,2-2,home,7. גל שטרנברג ריבאונד הגנה,odd quarter-1 key-def sp-vertical-timeline-minute sp-vertical-timeline-minute-home home_event_minute,7. גל שטרנברג ריבאונד הגנה רבע 1 08:12 2-2
רבע 1,08:15,2-2,away,9. עמית ראובן החטיא 3 נק׳ (jumpshot),even quarter-1 key-threepa sp-vertical-timeline-minute sp-vertical-timeline-minute-away away_event_minute,רבע 1 08:15 2-2 9. עמית ראובן החטיא 3 נק׳ (jumpshot)
רבע 1,08:36,2-2,home,9. עמרי שלף קליעה 2 נק׳ (layup),odd quarter-1 key-fgm sp-vertical-timeline-minute sp-vertical-timeline-minute-home home_event_minute,9. עמרי שלף קליעה 2 נק׳ (layup) רבע 1 08:36 2-2
רבע 1,08:39,2-0,home,7. גל שטרנברג ריבאונד הגנה,even quarter-1 key-def sp-vertical-timeline-minute sp-vertical-timeline-minute-home home_event_minute,7. גל שטרנברג ריבאונד הגנה רבע 1 08:39 2-0
רבע 1,08:44,2-0,away,6. אמרי שביט החטיא 2 נק׳ (layup),odd quarter-1 key-fga sp-vertical-timeline-minute sp-vertical-timeline-minute-away away_event_minute,רבע 1 08:44 2-0 6. אמרי שביט החטיא 2 נק׳ (layup)
רבע 1,08:58,2-0,away,77. דווייט וילסון ריבאונד הגנה,even quarter-1 key-def sp-vertical-timeline-minute sp-vertical-timeline-minute-away away_event_minute,רבע 1 08:58 2-0 77. דווייט וילסון ריבאונד הגנה
רבע 1,09:02,2-0,home,33. עילי שאול החטיא 3 נק׳ (jumpshot),odd quarter-1 key-threepa sp-vertical-timeline-minute sp-vertical-timeline-minute-home home_event_minute,33. עילי שאול החטיא 3 נק׳ (jumpshot) רבע 1 09:02 2-0
רבע 1,09:11,2-0,home,1. איתם כהן ריבאונד הגנה,even quarter-1 key-def sp-vertical-timeline-minute sp-vertical-timeline-minute-home home_event_minute,1. איתם כהן ריבאונד הגנה רבע 1 09:11 2-0
רבע 1,09:16,2-0,away,32. בן גולד החטיא 3 נק׳ (jumpshot),odd quarter-1 key-threepa sp-vertical-timeline-minute sp-vertical-timeline-minute-away away_event_minute,רבע 1 09:16 2-0 32. בן גולד החטיא 3 נק׳ (jumpshot)
רבע 1,09:20,2-0,away,77. דווייט וילסון ריבאונד הגנה,even quarter-1 key-def sp-vertical-timeline-minute sp-vertical-timeline-minute-away away_event_minute,רבע 1 09:20 2-0 77. דווייט וילסון ריבאונד הגנה
רבע 1,09:24,2-0,home,5. קינדל היל החטיא 3 נק׳ (jumpshot),odd quarter-1 key-threepa sp-vertical-timeline-minute sp-vertical-timeline-minute-home home_event_minute,5. קינדל היל החטיא 3 נק׳ (jumpshot) רבע 1 09:24 2-0
רבע 1,09:43,2-0,away,3. רוברט טרנר קליעה 2 נק׳ (jumpshot),even quarter-1 key-fgm sp-vertical-timeline-minute sp-vertical-timeline-minute-away away_event_minute,רבע 1 09:43 2-0 3. רוברט טרנר קליעה 2 נק׳ (jumpshot)
רבע 1,09:58,0-0,home,5. קינדל היל jumpball,odd quarter-1 key-jumpball sp-vertical-timeline-minute sp-vertical-timeline-minute-home home_event_minute,5. קינדל היל jumpball רבע 1 09:58 0-0
רבע 1,09:58,0-0,away,77. דווייט וילסון jumpball,even quarter-1 key-jumpball sp-vertical-timeline-minute sp-vertical-timeline-minute-away away_event_minute,רבע 1 09:58 0-0 77. דווייט וילסון jumpball
רבע 1,10:00,0-0,away,שחקן jumpball,odd quarter-1 key-jumpball sp-vertical-timeline-minute sp-vertical-timeline-minute-away away_event_minute,רבע 1 10:00 0-0 שחקן jumpball
